"ResourceType","TerraformName","MicrosoftProvider","APIVersions","MappingSource","DocumentationPath"
"DataSource","azurerm_aadb2c_directory","Microsoft.AzureActiveDirectory","2021-04-01-preview","GeneratedAPISection","website/docs/d/aadb2c_directory.html.markdown"
"DataSource","azurerm_active_directory_domain_service","Microsoft.AAD","2021-05-01","GeneratedAPISection","website/docs/d/active_directory_domain_service.html.markdown"
"DataSource","azurerm_advisor_recommendations","Microsoft.Advisor","2023-01-01","GeneratedAPISection","website/docs/d/advisor_recommendations.html.markdown"
"DataSource","azurerm_api_connection","Microsoft.Web","2016-06-01","GeneratedAPISection","website/docs/d/api_connection.html.markdown"
"DataSource","azurerm_api_management","Microsoft.ApiManagement","2024-05-01, 2022-08-01","GeneratedAPISection","website/docs/d/api_management.html.markdown"
"DataSource","azurerm_api_management_api","Microsoft.ApiManagement","2022-08-01","GeneratedAPISection","website/docs/d/api_management_api.html.markdown"
"DataSource","azurerm_api_management_api_version_set","Microsoft.ApiManagement","2022-08-01","GeneratedAPISection","website/docs/d/api_management_api_version_set.html.markdown"
"DataSource","azurerm_api_management_gateway","Microsoft.ApiManagement","2022-08-01","GeneratedAPISection","website/docs/d/api_management_gateway.html.markdown"
"DataSource","azurerm_api_management_gateway_host_name_configuration","Microsoft.ApiManagement","2022-08-01","GeneratedAPISection","website/docs/d/api_management_gateway_host_name_configuration.html.markdown"
"DataSource","azurerm_api_management_group","Microsoft.ApiManagement","2022-08-01","GeneratedAPISection","website/docs/d/api_management_group.html.markdown"
"DataSource","azurerm_api_management_product","Microsoft.ApiManagement","2022-08-01","GeneratedAPISection","website/docs/d/api_management_product.html.markdown"
"DataSource","azurerm_api_management_subscription","Microsoft.ApiManagement","2022-08-01","GeneratedAPISection","website/docs/d/api_management_subscription.html.markdown"
"DataSource","azurerm_api_management_user","Microsoft.ApiManagement","2022-08-01","GeneratedAPISection","website/docs/d/api_management_user.html.markdown"
"DataSource","azurerm_api_management_workspace","Microsoft.ApiManagement","2024-05-01","GeneratedAPISection","website/docs/d/api_management_workspace.html.markdown"
"DataSource","azurerm_app_configuration","Microsoft.AppConfiguration","2024-05-01","GeneratedAPISection","website/docs/d/app_configuration.html.markdown"
"DataSource","azurerm_app_configuration_key","","","Unmapped","website/docs/d/app_configuration_key.html.markdown"
"DataSource","azurerm_app_configuration_keys","","","Unmapped","website/docs/d/app_configuration_keys.html.markdown"
"DataSource","azurerm_app_service_certificate","Microsoft.Web","2023-12-01","GeneratedAPISection","website/docs/d/app_service_certificate.html.markdown"
"DataSource","azurerm_app_service_certificate_order","Microsoft.CertificateRegistration","2023-12-01","GeneratedAPISection","website/docs/d/app_service_certificate_order.html.markdown"
"DataSource","azurerm_app_service_environment_v3","Microsoft.Web","2023-01-01","GeneratedAPISection","website/docs/d/app_service_environment_v3.html.markdown"
"DataSource","azurerm_application_gateway","Microsoft.Network","2025-01-01","GeneratedAPISection","website/docs/d/application_gateway.html.markdown"
"DataSource","azurerm_application_insights","Microsoft.Insights","2020-02-02","GeneratedAPISection","website/docs/d/application_insights.html.markdown"
"DataSource","azurerm_application_security_group","Microsoft.Network","2025-01-01","GeneratedAPISection","website/docs/d/application_security_group.html.markdown"
"DataSource","azurerm_arc_machine","Microsoft.HybridCompute","2022-11-10","GeneratedAPISection","website/docs/d/arc_machine.html.markdown"
"DataSource","azurerm_arc_resource_bridge_appliance","Microsoft.ResourceConnector","2022-10-27","GeneratedAPISection","website/docs/d/arc_resource_bridge_appliance.html.markdown"
"DataSource","azurerm_attestation_provider","Microsoft.Attestation","2020-10-01","GeneratedAPISection","website/docs/d/attestation_provider.html.markdown"
"DataSource","azurerm_automation_account","Microsoft.Automation","2024-10-23, 2019-06-01","GeneratedAPISection","website/docs/d/automation_account.html.markdown"
"DataSource","azurerm_automation_runbook","Microsoft.Automation","2024-10-23","GeneratedAPISection","website/docs/d/automation_runbook.html.markdown"
"DataSource","azurerm_automation_variable_bool","Microsoft.Automation","","MatchingResource:ARMImportID","website/docs/d/automation_variable_bool.html.markdown"
"DataSource","azurerm_automation_variable_datetime","Microsoft.Automation","","MatchingResource:ARMImportID","website/docs/d/automation_variable_datetime.html.markdown"
"DataSource","azurerm_automation_variable_int","Microsoft.Automation","","MatchingResource:ARMImportID","website/docs/d/automation_variable_int.html.markdown"
"DataSource","azurerm_automation_variable_object","Microsoft.Automation","","MatchingResource:ARMImportID","website/docs/d/automation_variable_object.html.markdown"
"DataSource","azurerm_automation_variable_string","Microsoft.Automation","","MatchingResource:ARMImportID","website/docs/d/automation_variable_string.html.markdown"
"DataSource","azurerm_automation_variables","Microsoft.Automation","2024-10-23","GeneratedAPISection","website/docs/d/automation_variables.html.markdown"
"DataSource","azurerm_availability_set","Microsoft.Compute","2024-03-01","GeneratedAPISection","website/docs/d/availability_set.html.markdown"
"DataSource","azurerm_backup_policy_file_share","Microsoft.RecoveryServices","","MatchingResource:ARMImportID","website/docs/d/backup_policy_file_share.html.markdown"
"DataSource","azurerm_backup_policy_vm","Microsoft.RecoveryServices","","MatchingResource:ARMImportID","website/docs/d/backup_policy_vm.html.markdown"
"DataSource","azurerm_bastion_host","Microsoft.Network","2025-01-01","GeneratedAPISection","website/docs/d/bastion_host.html.markdown"
"DataSource","azurerm_batch_account","Microsoft.Batch","2024-07-01","GeneratedAPISection","website/docs/d/batch_account.html.markdown"
"DataSource","azurerm_batch_application","Microsoft.Batch","2024-07-01","GeneratedAPISection","website/docs/d/batch_application.html.markdown"
"DataSource","azurerm_batch_pool","Microsoft.Batch","2024-07-01","GeneratedAPISection","website/docs/d/batch_pool.html.markdown"
"DataSource","azurerm_billing_enrollment_account_scope","","","Unmapped","website/docs/d/billing_enrollment_account_scope.html.markdown"
"DataSource","azurerm_billing_mca_account_scope","","","Unmapped","website/docs/d/billing_mca_account_scope.html.markdown"
"DataSource","azurerm_billing_mpa_account_scope","","","Unmapped","website/docs/d/billing_mpa_account_scope.html.markdown"
"DataSource","azurerm_blueprint_definition","Microsoft.Blueprint","2018-11-01-preview","GeneratedAPISection","website/docs/d/blueprint_definition.html.markdown"
"DataSource","azurerm_blueprint_published_version","Microsoft.Blueprint","2018-11-01-preview","GeneratedAPISection","website/docs/d/blueprint_published_version.html.markdown"
"DataSource","azurerm_cdn_frontdoor_batch_rule_set","Microsoft.Cdn","2025-12-01","GeneratedAPISection","website/docs/d/cdn_frontdoor_batch_rule_set.html.markdown"
"DataSource","azurerm_cdn_frontdoor_custom_domain","Microsoft.Cdn","2025-12-01","GeneratedAPISection","website/docs/d/cdn_frontdoor_custom_domain.html.markdown"
"DataSource","azurerm_cdn_frontdoor_endpoint","Microsoft.Cdn","2025-12-01","GeneratedAPISection","website/docs/d/cdn_frontdoor_endpoint.html.markdown"
"DataSource","azurerm_cdn_frontdoor_firewall_policy","Microsoft.Network","","MatchingResource:ARMImportID","website/docs/d/cdn_frontdoor_firewall_policy.html.markdown"
"DataSource","azurerm_cdn_frontdoor_origin_group","Microsoft.Cdn","2025-12-01","GeneratedAPISection","website/docs/d/cdn_frontdoor_origin_group.html.markdown"
"DataSource","azurerm_cdn_frontdoor_profile","Microsoft.Cdn","2025-12-01","GeneratedAPISection","website/docs/d/cdn_frontdoor_profile.html.markdown"
"DataSource","azurerm_cdn_frontdoor_rule_set","Microsoft.Cdn","2025-12-01","GeneratedAPISection","website/docs/d/cdn_frontdoor_rule_set.html.markdown"
"DataSource","azurerm_cdn_frontdoor_secret","Microsoft.Cdn","2025-12-01","GeneratedAPISection","website/docs/d/cdn_frontdoor_secret.html.markdown"
"DataSource","azurerm_cdn_frontdoor_security_policy","Microsoft.Cdn","2025-12-01","GeneratedAPISection","website/docs/d/cdn_frontdoor_security_policy.html.markdown"
"DataSource","azurerm_cdn_profile","Microsoft.Cdn","","MatchingResource:ARMImportID","website/docs/d/cdn_profile.html.markdown"
"DataSource","azurerm_client_config","","","Unmapped","website/docs/d/client_config.html.markdown"
"DataSource","azurerm_cognitive_account","Microsoft.CognitiveServices","2026-03-01","GeneratedAPISection","website/docs/d/cognitive_account.html.markdown"
"DataSource","azurerm_cognitive_account_project","Microsoft.CognitiveServices","2026-03-01","GeneratedAPISection","website/docs/d/cognitive_account_project.html.markdown"
"DataSource","azurerm_communication_service","Microsoft.Communication","2023-03-31","GeneratedAPISection","website/docs/d/communication_service.html.markdown"
"DataSource","azurerm_confidential_ledger","Microsoft.ConfidentialLedger","2022-05-13","GeneratedAPISection","website/docs/d/confidential_ledger.html.markdown"
"DataSource","azurerm_consumption_budget_resource_group","Microsoft.Consumption","2019-10-01","GeneratedAPISection","website/docs/d/consumption_budget_resource_group.html.markdown"
"DataSource","azurerm_consumption_budget_subscription","Microsoft.Consumption","2019-10-01","GeneratedAPISection","website/docs/d/consumption_budget_subscription.html.markdown"
"DataSource","azurerm_container_app","Microsoft.App","2025-07-01","GeneratedAPISection","website/docs/d/container_app.html.markdown"
"DataSource","azurerm_container_app_environment","Microsoft.App","2025-07-01","GeneratedAPISection","website/docs/d/container_app_environment.html.markdown"
"DataSource","azurerm_container_app_environment","Microsoft.OperationalInsights","2020-08-01","GeneratedAPISection","website/docs/d/container_app_environment.html.markdown"
"DataSource","azurerm_container_app_environment_certificate","Microsoft.App","2025-07-01","GeneratedAPISection","website/docs/d/container_app_environment_certificate.html.markdown"
"DataSource","azurerm_container_app_environment_dapr_component","Microsoft.App","2025-07-01","MatchingResource:GeneratedAPISection","website/docs/d/container_app_environment_dapr_component.html.markdown"
"DataSource","azurerm_container_app_environment_storage","Microsoft.App","2025-07-01","GeneratedAPISection","website/docs/d/container_app_environment_storage.html.markdown"
"DataSource","azurerm_container_group","Microsoft.ContainerInstance","2025-09-01","GeneratedAPISection","website/docs/d/container_group.html.markdown"
"DataSource","azurerm_container_registry","Microsoft.ContainerRegistry","2025-11-01","GeneratedAPISection","website/docs/d/container_registry.html.markdown"
"DataSource","azurerm_container_registry_cache_rule","Microsoft.ContainerRegistry","2023-07-01","GeneratedAPISection","website/docs/d/container_registry_cache_rule.html.markdown"
"DataSource","azurerm_container_registry_scope_map","Microsoft.ContainerRegistry","2025-11-01","GeneratedAPISection","website/docs/d/container_registry_scope_map.html.markdown"
"DataSource","azurerm_container_registry_token","Microsoft.ContainerRegistry","2025-11-01","GeneratedAPISection","website/docs/d/container_registry_token.html.markdown"
"DataSource","azurerm_cosmosdb_account","Microsoft.DocumentDB","2024-08-15","GeneratedAPISection","website/docs/d/cosmosdb_account.html.markdown"
"DataSource","azurerm_cosmosdb_mongo_database","Microsoft.DocumentDB","2024-08-15","GeneratedAPISection","website/docs/d/cosmosdb_mongo_database.html.markdown"
"DataSource","azurerm_cosmosdb_restorable_database_accounts","Microsoft.DocumentDB","2024-08-15","GeneratedAPISection","website/docs/d/cosmosdb_restorable_database_accounts.html.markdown"
"DataSource","azurerm_cosmosdb_sql_database","Microsoft.DocumentDB","2024-08-15","GeneratedAPISection","website/docs/d/cosmosdb_sql_database.html.markdown"
"DataSource","azurerm_cosmosdb_sql_role_definition","Microsoft.DocumentDB","2024-08-15","GeneratedAPISection","website/docs/d/cosmosdb_sql_role_definition.html.markdown"
"DataSource","azurerm_dashboard_grafana","Microsoft.Dashboard","2025-08-01","GeneratedAPISection","website/docs/d/dashboard_grafana.html.markdown"
"DataSource","azurerm_data_factory","Microsoft.DataFactory","2018-06-01","GeneratedAPISection","website/docs/d/data_factory.html.markdown"
"DataSource","azurerm_data_factory_trigger_schedule","Microsoft.DataFactory","","MatchingResource:ARMImportID","website/docs/d/data_factory_trigger_schedule.html.markdown"
"DataSource","azurerm_data_factory_trigger_schedules","","","Unmapped","website/docs/d/data_factory_trigger_schedules.html.markdown"
"DataSource","azurerm_data_protection_backup_vault","Microsoft.DataProtection","2025-07-01","GeneratedAPISection","website/docs/d/data_protection_backup_vault.html.markdown"
"DataSource","azurerm_data_share","Microsoft.DataShare","2019-11-01","GeneratedAPISection","website/docs/d/data_share.html.markdown"
"DataSource","azurerm_data_share_account","Microsoft.DataShare","2019-11-01","GeneratedAPISection","website/docs/d/data_share_account.html.markdown"
"DataSource","azurerm_data_share_dataset_blob_storage","Microsoft.DataShare","2019-11-01","GeneratedAPISection","website/docs/d/data_share_dataset_blob_storage.html.markdown"
"DataSource","azurerm_data_share_dataset_data_lake_gen2","Microsoft.DataShare","2019-11-01","GeneratedAPISection","website/docs/d/data_share_dataset_data_lake_gen2.html.markdown"
"DataSource","azurerm_data_share_dataset_kusto_cluster","Microsoft.DataShare","2019-11-01","GeneratedAPISection","website/docs/d/data_share_dataset_kusto_cluster.html.markdown"
"DataSource","azurerm_data_share_dataset_kusto_database","Microsoft.DataShare","2019-11-01","GeneratedAPISection","website/docs/d/data_share_dataset_kusto_database.html.markdown"
"DataSource","azurerm_database_migration_project","Microsoft.DataMigration","2021-06-30","GeneratedAPISection","website/docs/d/database_migration_project.html.markdown"
"DataSource","azurerm_database_migration_service","Microsoft.DataMigration","2021-06-30","GeneratedAPISection","website/docs/d/database_migration_service.html.markdown"
"DataSource","azurerm_databox_edge_device","Microsoft.DataBoxEdge","2022-03-01","GeneratedAPISection","website/docs/d/databox_edge_device.html.markdown"
"DataSource","azurerm_databricks_access_connector","Microsoft.Databricks","2026-01-01","GeneratedAPISection","website/docs/d/databricks_access_connector.html.markdown"
"DataSource","azurerm_databricks_workspace","Microsoft.Databricks","2026-01-01","GeneratedAPISection","website/docs/d/databricks_workspace.html.markdown"
"DataSource","azurerm_databricks_workspace_private_endpoint_connection","Microsoft.Databricks","2026-01-01","GeneratedAPISection","website/docs/d/databricks_workspace_private_endpoint_connection.html.markdown"
"DataSource","azurerm_dedicated_host","Microsoft.Compute","2024-03-01","GeneratedAPISection","website/docs/d/dedicated_host.html.markdown"
"DataSource","azurerm_dedicated_host_group","Microsoft.Compute","2024-03-01","GeneratedAPISection","website/docs/d/dedicated_host_group.html.markdown"
"DataSource","azurerm_dev_center","Microsoft.DevCenter","2025-02-01","GeneratedAPISection","website/docs/d/dev_center.html.markdown"
"DataSource","azurerm_dev_center_attached_network","Microsoft.DevCenter","2025-02-01","GeneratedAPISection","website/docs/d/dev_center_attached_network.html.markdown"
"DataSource","azurerm_dev_center_catalog","Microsoft.DevCenter","2025-02-01","GeneratedAPISection","website/docs/d/dev_center_catalog.html.markdown"
"DataSource","azurerm_dev_center_dev_box_definition","Microsoft.DevCenter","2025-02-01","GeneratedAPISection","website/docs/d/dev_center_dev_box_definition.html.markdown"
"DataSource","azurerm_dev_center_environment_type","Microsoft.DevCenter","2025-02-01","GeneratedAPISection","website/docs/d/dev_center_environment_type.html.markdown"
"DataSource","azurerm_dev_center_gallery","Microsoft.DevCenter","2025-02-01","GeneratedAPISection","website/docs/d/dev_center_gallery.html.markdown"
"DataSource","azurerm_dev_center_network_connection","Microsoft.DevCenter","2025-02-01","GeneratedAPISection","website/docs/d/dev_center_network_connection.html.markdown"
"DataSource","azurerm_dev_center_project","Microsoft.DevCenter","2025-02-01","GeneratedAPISection","website/docs/d/dev_center_project.html.markdown"
"DataSource","azurerm_dev_center_project_environment_type","Microsoft.DevCenter","2025-02-01","GeneratedAPISection","website/docs/d/dev_center_project_environment_type.html.markdown"
"DataSource","azurerm_dev_center_project_pool","Microsoft.DevCenter","2025-02-01","GeneratedAPISection","website/docs/d/dev_center_project_pool.html.markdown"
"DataSource","azurerm_dev_test_lab","Microsoft.DevTestLab","2018-09-15","GeneratedAPISection","website/docs/d/dev_test_lab.html.markdown"
"DataSource","azurerm_dev_test_virtual_network","Microsoft.DevTestLab","2018-09-15","GeneratedAPISection","website/docs/d/dev_test_virtual_network.html.markdown"
"DataSource","azurerm_digital_twins_instance","Microsoft.DigitalTwins","2023-01-31","GeneratedAPISection","website/docs/d/digital_twins_instance.html.markdown"
"DataSource","azurerm_disk_access","Microsoft.Compute","2022-03-02","GeneratedAPISection","website/docs/d/disk_access.html.markdown"
"DataSource","azurerm_disk_encryption_set","Microsoft.Compute","2022-03-02","GeneratedAPISection","website/docs/d/disk_encryption_set.html.markdown"
"DataSource","azurerm_dns_a_record","Microsoft.Network","2018-05-01","GeneratedAPISection","website/docs/d/dns_a_record.html.markdown"
"DataSource","azurerm_dns_aaaa_record","Microsoft.Network","2018-05-01","GeneratedAPISection","website/docs/d/dns_aaaa_record.html.markdown"
"DataSource","azurerm_dns_caa_record","Microsoft.Network","2018-05-01","GeneratedAPISection","website/docs/d/dns_caa_record.html.markdown"
"DataSource","azurerm_dns_cname_record","Microsoft.Network","2018-05-01","GeneratedAPISection","website/docs/d/dns_cname_record.html.markdown"
"DataSource","azurerm_dns_mx_record","Microsoft.Network","2018-05-01","GeneratedAPISection","website/docs/d/dns_mx_record.html.markdown"
"DataSource","azurerm_dns_ns_record","Microsoft.Network","2018-05-01","GeneratedAPISection","website/docs/d/dns_ns_record.html.markdown"
"DataSource","azurerm_dns_ptr_record","Microsoft.Network","2018-05-01","GeneratedAPISection","website/docs/d/dns_ptr_record.html.markdown"
"DataSource","azurerm_dns_soa_record","Microsoft.Network","2018-05-01","GeneratedAPISection","website/docs/d/dns_soa_record.html.markdown"
"DataSource","azurerm_dns_srv_record","Microsoft.Network","2018-05-01","GeneratedAPISection","website/docs/d/dns_srv_record.html.markdown"
"DataSource","azurerm_dns_txt_record","Microsoft.Network","2018-05-01","GeneratedAPISection","website/docs/d/dns_txt_record.html.markdown"
"DataSource","azurerm_dns_zone","Microsoft.Network","2018-05-01","GeneratedAPISection","website/docs/d/dns_zone.html.markdown"
"DataSource","azurerm_dynatrace_monitor","Dynatrace.Observability","2023-04-27","GeneratedAPISection","website/docs/d/dynatrace_monitor.html.markdown"
"DataSource","azurerm_elastic_cloud_elasticsearch","Microsoft.Elastic","2023-06-01","GeneratedAPISection","website/docs/d/elastic_cloud_elasticsearch.html.markdown"
"DataSource","azurerm_elastic_san","Microsoft.ElasticSan","2023-01-01","GeneratedAPISection","website/docs/d/elastic_san.html.markdown"
"DataSource","azurerm_elastic_san_volume_group","Microsoft.ElasticSan","2023-01-01","GeneratedAPISection","website/docs/d/elastic_san_volume_group.html.markdown"
"DataSource","azurerm_elastic_san_volume_snapshot","Microsoft.ElasticSan","2023-01-01","GeneratedAPISection","website/docs/d/elastic_san_volume_snapshot.html.markdown"
"DataSource","azurerm_eventgrid_domain","Microsoft.EventGrid","2025-02-15","GeneratedAPISection","website/docs/d/eventgrid_domain.html.markdown"
"DataSource","azurerm_eventgrid_domain_topic","Microsoft.EventGrid","2025-02-15","GeneratedAPISection","website/docs/d/eventgrid_domain_topic.html.markdown"
"DataSource","azurerm_eventgrid_partner_namespace","Microsoft.EventGrid","2025-02-15","GeneratedAPISection","website/docs/d/eventgrid_partner_namespace.html.markdown"
"DataSource","azurerm_eventgrid_partner_registration","Microsoft.EventGrid","2025-02-15","GeneratedAPISection","website/docs/d/eventgrid_partner_registration.html.markdown"
"DataSource","azurerm_eventgrid_system_topic","Microsoft.EventGrid","2025-02-15","GeneratedAPISection","website/docs/d/eventgrid_system_topic.html.markdown"
"DataSource","azurerm_eventgrid_topic","Microsoft.EventGrid","2025-02-15","GeneratedAPISection","website/docs/d/eventgrid_topic.html.markdown"
"DataSource","azurerm_eventhub","Microsoft.EventHub","2024-01-01","GeneratedAPISection","website/docs/d/eventhub.html.markdown"
"DataSource","azurerm_eventhub_authorization_rule","Microsoft.EventHub","2024-01-01","GeneratedAPISection","website/docs/d/eventhub_authorization_rule.html.markdown"
"DataSource","azurerm_eventhub_cluster","Microsoft.EventHub","2024-01-01","GeneratedAPISection","website/docs/d/eventhub_cluster.html.markdown"
"DataSource","azurerm_eventhub_consumer_group","Microsoft.EventHub","2024-01-01","GeneratedAPISection","website/docs/d/eventhub_consumer_group.html.markdown"
"DataSource","azurerm_eventhub_namespace","Microsoft.EventHub","2024-01-01","GeneratedAPISection","website/docs/d/eventhub_namespace.html.markdown"
"DataSource","azurerm_eventhub_namespace_authorization_rule","Microsoft.EventHub","2024-01-01","GeneratedAPISection","website/docs/d/eventhub_namespace_authorization_rule.html.markdown"
"DataSource","azurerm_eventhub_sas","","","Unmapped","website/docs/d/eventhub_sas.html.markdown"
"DataSource","azurerm_express_route_circuit","Microsoft.Network","2025-01-01","GeneratedAPISection","website/docs/d/express_route_circuit.html.markdown"
"DataSource","azurerm_express_route_circuit_peering","Microsoft.Network","2025-01-01","GeneratedAPISection","website/docs/d/express_route_circuit_peering.html.markdown"
"DataSource","azurerm_extended_location_custom_location","Microsoft.ExtendedLocation","2021-08-15","GeneratedAPISection","website/docs/d/extended_location_custom_location.html.markdown"
"DataSource","azurerm_extended_locations","","","Unmapped","website/docs/d/extended_locations.html.markdown"
"DataSource","azurerm_firewall","Microsoft.Network","2025-01-01","GeneratedAPISection","website/docs/d/firewall.html.markdown"
"DataSource","azurerm_firewall_policy","Microsoft.Network","2025-01-01","GeneratedAPISection","website/docs/d/firewall_policy.html.markdown"
"DataSource","azurerm_function_app_host_keys","Microsoft.Web","2023-12-01","GeneratedAPISection","website/docs/d/function_app_host_keys.html.markdown"
"DataSource","azurerm_graph_services_account","Microsoft.GraphServices","2023-04-13","GeneratedAPISection","website/docs/d/graph_services_account.html.markdown"
"DataSource","azurerm_hdinsight_cluster","Microsoft.HDInsight","2021-06-01","GeneratedAPISection","website/docs/d/hdinsight_cluster.html.markdown"
"DataSource","azurerm_healthcare_dicom_service","Microsoft.HealthcareApis","2024-03-31","GeneratedAPISection","website/docs/d/healthcare_dicom_service.html.markdown"
"DataSource","azurerm_healthcare_fhir_service","Microsoft.HealthcareApis","2022-12-01","GeneratedAPISection","website/docs/d/healthcare_fhir_service.html.markdown"
"DataSource","azurerm_healthcare_medtech_service","Microsoft.HealthcareApis","2022-12-01","GeneratedAPISection","website/docs/d/healthcare_medtech_service.html.markdown"
"DataSource","azurerm_healthcare_service","Microsoft.HealthcareApis","2022-12-01","GeneratedAPISection","website/docs/d/healthcare_service.html.markdown"
"DataSource","azurerm_healthcare_workspace","Microsoft.HealthcareApis","2024-03-31","GeneratedAPISection","website/docs/d/healthcare_workspace.html.markdown"
"DataSource","azurerm_image","Microsoft.Compute","2022-03-01","GeneratedAPISection","website/docs/d/image.html.markdown"
"DataSource","azurerm_images","Microsoft.Compute","2022-03-01","GeneratedAPISection","website/docs/d/images.html.markdown"
"DataSource","azurerm_iothub","Microsoft.Devices","","MatchingResource:ARMImportID","website/docs/d/iothub.html.markdown"
"DataSource","azurerm_iothub_dps","Microsoft.Devices","2022-02-05","GeneratedAPISection","website/docs/d/iothub_dps.html.markdown"
"DataSource","azurerm_iothub_dps_shared_access_policy","Microsoft.Devices","2022-02-05","GeneratedAPISection","website/docs/d/iothub_dps_shared_access_policy.html.markdown"
"DataSource","azurerm_iothub_shared_access_policy","Microsoft.Devices","","MatchingResource:ARMImportID","website/docs/d/iothub_shared_access_policy.html.markdown"
"DataSource","azurerm_ip_group","Microsoft.Network","2025-01-01","GeneratedAPISection","website/docs/d/ip_group.html.markdown"
"DataSource","azurerm_ip_groups","Microsoft.Network","2025-01-01","GeneratedAPISection","website/docs/d/ip_groups.html.markdown"
"DataSource","azurerm_key_vault","Microsoft.KeyVault","2026-02-01","GeneratedAPISection","website/docs/d/key_vault.html.markdown"
"DataSource","azurerm_key_vault_access_policy","Microsoft.KeyVault","2026-02-01","MatchingResource:GeneratedAPISection","website/docs/d/key_vault_access_policy.html.markdown"
"DataSource","azurerm_key_vault_certificate","","","Unmapped","website/docs/d/key_vault_certificate.html.markdown"
"DataSource","azurerm_key_vault_certificate_data","","","Unmapped","website/docs/d/key_vault_certificate_data.html.markdown"
"DataSource","azurerm_key_vault_certificate_issuer","","","Unmapped","website/docs/d/key_vault_certificate_issuer.html.markdown"
"DataSource","azurerm_key_vault_certificates","","","Unmapped","website/docs/d/key_vault_certificates.html.markdown"
"DataSource","azurerm_key_vault_encrypted_value","","","Unmapped","website/docs/d/key_vault_encrypted_value.html.markdown"
"DataSource","azurerm_key_vault_key","","","Unmapped","website/docs/d/key_vault_key.html.markdown"
"DataSource","azurerm_key_vault_managed_hardware_security_module","Microsoft.KeyVault","2026-02-01","GeneratedAPISection","website/docs/d/key_vault_managed_hardware_security_module.html.markdown"
"DataSource","azurerm_key_vault_managed_hardware_security_module_key","Microsoft.KeyVault","2026-02-01","MatchingResource:GeneratedAPISection","website/docs/d/key_vault_managed_hardware_security_module_key.html.markdown"
"DataSource","azurerm_key_vault_managed_hardware_security_module_role_definition","","","Unmapped","website/docs/d/key_vault_managed_hardware_security_module_role_definition.html.markdown"
"DataSource","azurerm_key_vault_secret","","","Unmapped","website/docs/d/key_vault_secret.html.markdown"
"DataSource","azurerm_key_vault_secrets","","","Unmapped","website/docs/d/key_vault_secrets.html.markdown"
"DataSource","azurerm_kubernetes_automatic_cluster","Microsoft.ContainerService","2026-04-01","GeneratedAPISection","website/docs/d/kubernetes_automatic_cluster.html.markdown"
"DataSource","azurerm_kubernetes_cluster","Microsoft.ContainerService","2025-10-01","GeneratedAPISection","website/docs/d/kubernetes_cluster.html.markdown"
"DataSource","azurerm_kubernetes_cluster_node_pool","Microsoft.ContainerService","2025-10-01","GeneratedAPISection","website/docs/d/kubernetes_cluster_node_pool.html.markdown"
"DataSource","azurerm_kubernetes_fleet_manager","Microsoft.ContainerService","2024-04-01","GeneratedAPISection","website/docs/d/kubernetes_fleet_manager.html.markdown"
"DataSource","azurerm_kubernetes_node_pool_snapshot","Microsoft.ContainerService","2025-10-01","GeneratedAPISection","website/docs/d/kubernetes_node_pool_snapshot.html.markdown"
"DataSource","azurerm_kubernetes_service_versions","Microsoft.ContainerService","2019-08-01","GeneratedAPISection","website/docs/d/kubernetes_service_versions.html.markdown"
"DataSource","azurerm_kusto_cluster","Microsoft.Kusto","2024-04-13","GeneratedAPISection","website/docs/d/kusto_cluster.html.markdown"
"DataSource","azurerm_kusto_database","Microsoft.Kusto","2024-04-13","GeneratedAPISection","website/docs/d/kusto_database.html.markdown"
"DataSource","azurerm_lb","Microsoft.Network","2025-01-01","GeneratedAPISection","website/docs/d/lb.html.markdown"
"DataSource","azurerm_lb_backend_address_pool","Microsoft.Network","2025-01-01","GeneratedAPISection","website/docs/d/lb_backend_address_pool.html.markdown"
"DataSource","azurerm_lb_outbound_rule","Microsoft.Network","2025-01-01","GeneratedAPISection","website/docs/d/lb_outbound_rule.html.markdown"
"DataSource","azurerm_lb_rule","Microsoft.Network","2025-01-01","GeneratedAPISection","website/docs/d/lb_rule.html.markdown"
"DataSource","azurerm_linux_function_app","Microsoft.Web","2023-12-01","GeneratedAPISection","website/docs/d/linux_function_app.html.markdown"
"DataSource","azurerm_linux_web_app","Microsoft.Web","2023-12-01","GeneratedAPISection","website/docs/d/linux_web_app.html.markdown"
"DataSource","azurerm_load_test","Microsoft.LoadTestService","2022-12-01","GeneratedAPISection","website/docs/d/load_test.html.markdown"
"DataSource","azurerm_local_network_gateway","Microsoft.Network","2025-01-01","GeneratedAPISection","website/docs/d/local_network_gateway.html.markdown"
"DataSource","azurerm_location","","","Unmapped","website/docs/d/location.html.markdown"
"DataSource","azurerm_log_analytics_workspace","Microsoft.OperationalInsights","2020-08-01","GeneratedAPISection","website/docs/d/log_analytics_workspace.html.markdown"
"DataSource","azurerm_log_analytics_workspace_table","Microsoft.OperationalInsights","2022-10-01","GeneratedAPISection","website/docs/d/log_analytics_workspace_table.html.markdown"
"DataSource","azurerm_logic_app_integration_account","Microsoft.Logic","2019-05-01","GeneratedAPISection","website/docs/d/logic_app_integration_account.html.markdown"
"DataSource","azurerm_logic_app_standard","Microsoft.Web","2023-12-01","GeneratedAPISection","website/docs/d/logic_app_standard.html.markdown"
"DataSource","azurerm_logic_app_workflow","Microsoft.Logic","2019-05-01","GeneratedAPISection","website/docs/d/logic_app_workflow.html.markdown"
"DataSource","azurerm_machine_learning_workspace","Microsoft.MachineLearningServices","2025-06-01","GeneratedAPISection","website/docs/d/machine_learning_workspace.html.markdown"
"DataSource","azurerm_maintenance_configuration","Microsoft.Maintenance","2023-04-01","GeneratedAPISection","website/docs/d/maintenance_configuration.html.markdown"
"DataSource","azurerm_managed_api","Microsoft.Web","2016-06-01","GeneratedAPISection","website/docs/d/managed_api.html.markdown"
"DataSource","azurerm_managed_application_definition","Microsoft.Solutions","2021-07-01","GeneratedAPISection","website/docs/d/managed_application_definition.html.markdown"
"DataSource","azurerm_managed_devops_pool","Microsoft.DevOpsInfrastructure","2025-09-20","GeneratedAPISection","website/docs/d/managed_devops_pool.html.markdown"
"DataSource","azurerm_managed_disk","Microsoft.Compute","2023-04-02","GeneratedAPISection","website/docs/d/managed_disk.html.markdown"
"DataSource","azurerm_managed_disks","Microsoft.Compute","2023-04-02","GeneratedAPISection","website/docs/d/managed_disks.html.markdown"
"DataSource","azurerm_managed_redis","Microsoft.Cache","2025-07-01","GeneratedAPISection","website/docs/d/managed_redis.html.markdown"
"DataSource","azurerm_managed_redis_access_policy_assignment","Microsoft.Cache","2025-07-01","GeneratedAPISection","website/docs/d/managed_redis_access_policy_assignment.html.markdown"
"DataSource","azurerm_management_group","Microsoft.Management","2020-05-01","GeneratedAPISection","website/docs/d/management_group.html.markdown"
"DataSource","azurerm_management_group_template_deployment","","","Unmapped","website/docs/d/management_group_template_deployment.html.markdown"
"DataSource","azurerm_maps_account","Microsoft.Maps","2023-06-01","GeneratedAPISection","website/docs/d/maps_account.html.markdown"
"DataSource","azurerm_marketplace_agreement","Microsoft.MarketplaceOrdering","2015-06-01","GeneratedAPISection","website/docs/d/marketplace_agreement.html.markdown"
"DataSource","azurerm_monitor_action_group","Microsoft.Insights","2023-01-01","GeneratedAPISection","website/docs/d/monitor_action_group.html.markdown"
"DataSource","azurerm_monitor_data_collection_endpoint","Microsoft.Insights","2023-03-11","GeneratedAPISection","website/docs/d/monitor_data_collection_endpoint.html.markdown"
"DataSource","azurerm_monitor_data_collection_rule","Microsoft.Insights","2023-03-11","GeneratedAPISection","website/docs/d/monitor_data_collection_rule.html.markdown"
"DataSource","azurerm_monitor_diagnostic_categories","Microsoft.Insights","2021-05-01-preview","GeneratedAPISection","website/docs/d/monitor_diagnostic_categories.html.markdown"
"DataSource","azurerm_monitor_scheduled_query_rules_alert","Microsoft.Insights","2018-04-16","GeneratedAPISection","website/docs/d/monitor_scheduled_query_rules_alert.html.markdown"
"DataSource","azurerm_monitor_scheduled_query_rules_log","Microsoft.Insights","2018-04-16","GeneratedAPISection","website/docs/d/monitor_scheduled_query_rules_log.html.markdown"
"DataSource","azurerm_monitor_workspace","Microsoft.Monitor","2023-04-03","GeneratedAPISection","website/docs/d/monitor_workspace.html.markdown"
"DataSource","azurerm_mssql_database","Microsoft.Sql","2025-01-01","GeneratedAPISection","website/docs/d/mssql_database.html.markdown"
"DataSource","azurerm_mssql_elasticpool","Microsoft.Sql","2025-01-01","GeneratedAPISection","website/docs/d/mssql_elasticpool.html.markdown"
"DataSource","azurerm_mssql_failover_group","Microsoft.Sql","2025-01-01","GeneratedAPISection","website/docs/d/mssql_failover_group.html.markdown"
"DataSource","azurerm_mssql_managed_database","Microsoft.Sql","2023-08-01-preview","GeneratedAPISection","website/docs/d/mssql_managed_database.html.markdown"
"DataSource","azurerm_mssql_managed_instance","Microsoft.Sql","2023-08-01-preview","GeneratedAPISection","website/docs/d/mssql_managed_instance.html.markdown"
"DataSource","azurerm_mssql_server","Microsoft.Sql","2025-01-01","GeneratedAPISection","website/docs/d/mssql_server.html.markdown"
"DataSource","azurerm_mysql_flexible_server","Microsoft.DBforMySQL","2023-12-30","GeneratedAPISection","website/docs/d/mysql_flexible_server.html.markdown"
"DataSource","azurerm_nat_gateway","Microsoft.Network","2025-01-01","GeneratedAPISection","website/docs/d/nat_gateway.html.markdown"
"DataSource","azurerm_netapp_account","Microsoft.NetApp","2026-05-01","GeneratedAPISection","website/docs/d/netapp_account.html.markdown"
"DataSource","azurerm_netapp_account_encryption","Microsoft.NetApp","2026-05-01","GeneratedAPISection","website/docs/d/netapp_account_encryption.html.markdown"
"DataSource","azurerm_netapp_backup_policy","Microsoft.NetApp","2026-05-01","GeneratedAPISection","website/docs/d/netapp_backup_policy.html.markdown"
"DataSource","azurerm_netapp_backup_vault","Microsoft.NetApp","2026-05-01","GeneratedAPISection","website/docs/d/netapp_backup_vault.html.markdown"
"DataSource","azurerm_netapp_pool","Microsoft.NetApp","2026-05-01","GeneratedAPISection","website/docs/d/netapp_pool.html.markdown"
"DataSource","azurerm_netapp_snapshot","Microsoft.NetApp","2026-05-01","GeneratedAPISection","website/docs/d/netapp_snapshot.html.markdown"
"DataSource","azurerm_netapp_snapshot_policy","Microsoft.NetApp","2026-05-01","GeneratedAPISection","website/docs/d/netapp_snapshot_policy.html.markdown"
"DataSource","azurerm_netapp_volume","Microsoft.NetApp","2026-05-01","GeneratedAPISection","website/docs/d/netapp_volume.html.markdown"
"DataSource","azurerm_netapp_volume_bucket","Microsoft.NetApp","2026-05-01","GeneratedAPISection","website/docs/d/netapp_volume_bucket.html.markdown"
"DataSource","azurerm_netapp_volume_bucket_with_server","Microsoft.NetApp","2026-05-01","GeneratedAPISection","website/docs/d/netapp_volume_bucket_with_server.html.markdown"
"DataSource","azurerm_netapp_volume_group_oracle","Microsoft.NetApp","2026-05-01","GeneratedAPISection","website/docs/d/netapp_volume_group_oracle.html.markdown"
"DataSource","azurerm_netapp_volume_group_sap_hana","Microsoft.NetApp","2026-05-01","GeneratedAPISection","website/docs/d/netapp_volume_group_sap_hana.html.markdown"
"DataSource","azurerm_netapp_volume_quota_rule","Microsoft.NetApp","2026-05-01","GeneratedAPISection","website/docs/d/netapp_volume_quota_rule.html.markdown"
"DataSource","azurerm_network_ddos_protection_plan","Microsoft.Network","2025-01-01","GeneratedAPISection","website/docs/d/network_ddos_protection_plan.html.markdown"
"DataSource","azurerm_network_interface","Microsoft.Network","2025-01-01","GeneratedAPISection","website/docs/d/network_interface.html.markdown"
"DataSource","azurerm_network_manager","Microsoft.Network","2025-01-01","GeneratedAPISection","website/docs/d/network_manager.html.markdown"
"DataSource","azurerm_network_manager_connectivity_configuration","Microsoft.Network","2025-01-01","GeneratedAPISection","website/docs/d/network_manager_connectivity_configuration.html.markdown"
"DataSource","azurerm_network_manager_ipam_pool","Microsoft.Network","2025-01-01","GeneratedAPISection","website/docs/d/network_manager_ipam_pool.html.markdown"
"DataSource","azurerm_network_manager_network_group","Microsoft.Network","2025-01-01","GeneratedAPISection","website/docs/d/network_manager_network_group.html.markdown"
"DataSource","azurerm_network_security_group","Microsoft.Network","2025-01-01","GeneratedAPISection","website/docs/d/network_security_group.html.markdown"
"DataSource","azurerm_network_security_perimeter","Microsoft.Network","2025-01-01","GeneratedAPISection","website/docs/d/network_security_perimeter.html.markdown"
"DataSource","azurerm_network_security_perimeter_profile","Microsoft.Network","2025-01-01","GeneratedAPISection","website/docs/d/network_security_perimeter_profile.html.markdown"
"DataSource","azurerm_network_service_tags","Microsoft.Network","2025-01-01","GeneratedAPISection","website/docs/d/network_service_tags.html.markdown"
"DataSource","azurerm_network_watcher","Microsoft.Network","2025-01-01","GeneratedAPISection","website/docs/d/network_watcher.html.markdown"
"DataSource","azurerm_nginx_api_key","Nginx.NginxPlus","2024-11-01-preview","GeneratedAPISection","website/docs/d/nginx_api_key.html.markdown"
"DataSource","azurerm_nginx_certificate","Nginx.NginxPlus","2024-11-01-preview","GeneratedAPISection","website/docs/d/nginx_certificate.html.markdown"
"DataSource","azurerm_nginx_configuration","Nginx.NginxPlus","2024-11-01-preview","GeneratedAPISection","website/docs/d/nginx_configuration.html.markdown"
"DataSource","azurerm_nginx_deployment","Nginx.NginxPlus","2024-11-01-preview","GeneratedAPISection","website/docs/d/nginx_deployment.html.markdown"
"DataSource","azurerm_notification_hub","Microsoft.NotificationHubs","2023-09-01","GeneratedAPISection","website/docs/d/notification_hub.html.markdown"
"DataSource","azurerm_notification_hub_namespace","Microsoft.NotificationHubs","2023-09-01","GeneratedAPISection","website/docs/d/notification_hub_namespace.html.markdown"
"DataSource","azurerm_oracle_adbs_character_sets","Oracle.Database","2025-09-01","GeneratedAPISection","website/docs/d/oracle_adbs_character_sets.html.markdown"
"DataSource","azurerm_oracle_adbs_national_character_sets","Oracle.Database","2025-09-01","GeneratedAPISection","website/docs/d/oracle_adbs_national_character_sets.html.markdown"
"DataSource","azurerm_oracle_autonomous_database","Oracle.Database","2025-09-01","GeneratedAPISection","website/docs/d/oracle_autonomous_database.html.markdown"
"DataSource","azurerm_oracle_autonomous_database_backup","Oracle.Database","2025-09-01","GeneratedAPISection","website/docs/d/oracle_autonomous_database_backup.html.markdown"
"DataSource","azurerm_oracle_autonomous_database_backups","Oracle.Database","2025-09-01","GeneratedAPISection","website/docs/d/oracle_autonomous_database_backups.html.markdown"
"DataSource","azurerm_oracle_autonomous_database_clone_from_backup","Oracle.Database","2025-09-01","GeneratedAPISection","website/docs/d/oracle_autonomous_database_clone_from_backup.html.markdown"
"DataSource","azurerm_oracle_autonomous_database_clone_from_database","Oracle.Database","2025-09-01","GeneratedAPISection","website/docs/d/oracle_autonomous_database_clone_from_database.html.markdown"
"DataSource","azurerm_oracle_cloud_vm_cluster","Oracle.Database","2025-09-01","GeneratedAPISection","website/docs/d/oracle_cloud_vm_cluster.html.markdown"
"DataSource","azurerm_oracle_database_system_versions","Oracle.Database","2025-09-01","GeneratedAPISection","website/docs/d/oracle_database_system_versions.html.markdown"
"DataSource","azurerm_oracle_db_nodes","Oracle.Database","2025-09-01","GeneratedAPISection","website/docs/d/oracle_db_nodes.html.markdown"
"DataSource","azurerm_oracle_db_servers","Oracle.Database","2025-09-01","GeneratedAPISection","website/docs/d/oracle_db_servers.html.markdown"
"DataSource","azurerm_oracle_db_system_shapes","Oracle.Database","2025-09-01","GeneratedAPISection","website/docs/d/oracle_db_system_shapes.html.markdown"
"DataSource","azurerm_oracle_exadata_infrastructure","Oracle.Database","2025-09-01","GeneratedAPISection","website/docs/d/oracle_exadata_infrastructure.html.markdown"
"DataSource","azurerm_oracle_exascale_database_storage_vault","Oracle.Database","2025-09-01","GeneratedAPISection","website/docs/d/oracle_exascale_database_storage_vault.html.markdown"
"DataSource","azurerm_oracle_gi_versions","Oracle.Database","2025-09-01","GeneratedAPISection","website/docs/d/oracle_gi_versions.html.markdown"
"DataSource","azurerm_oracle_resource_anchor","Oracle.Database","2025-09-01","GeneratedAPISection","website/docs/d/oracle_resource_anchor.html.markdown"
"DataSource","azurerm_orchestrated_virtual_machine_scale_set","Microsoft.Compute","2025-04-01","GeneratedAPISection","website/docs/d/orchestrated_virtual_machine_scale_set.html.markdown"
"DataSource","azurerm_palo_alto_local_rulestack","PaloAltoNetworks.Cloudngfw","2025-10-08","GeneratedAPISection","website/docs/d/palo_alto_local_rulestack.html.markdown"
"DataSource","azurerm_platform_image","Microsoft.Compute","2024-03-01","GeneratedAPISection","website/docs/d/platform_image.html.markdown"
"DataSource","azurerm_playwright_workspace","Microsoft.LoadTestService","2025-09-01","GeneratedAPISection","website/docs/d/playwright_workspace.html.markdown"
"DataSource","azurerm_policy_assignment","Microsoft.Authorization","2022-06-01","GeneratedAPISection","website/docs/d/policy_assignment.html.markdown"
"DataSource","azurerm_policy_definition","Microsoft.Authorization","","MatchingResource:ARMImportID","website/docs/d/policy_definition.html.markdown"
"DataSource","azurerm_policy_definition_built_in","","","Unmapped","website/docs/d/policy_definition_built_in.html.markdown"
"DataSource","azurerm_policy_set_definition","Microsoft.Authorization","2025-01-01","MatchingResource:GeneratedAPISection","website/docs/d/policy_set_definition.html.markdown"
"DataSource","azurerm_policy_virtual_machine_configuration_assignment","Microsoft.Compute","2024-04-05","GeneratedAPISection","website/docs/d/policy_virtual_machine_configuration_assignment.html.markdown"
"DataSource","azurerm_portal_dashboard","Microsoft.Portal","2019-01-01-preview","GeneratedAPISection","website/docs/d/portal_dashboard.html.markdown"
"DataSource","azurerm_postgresql_flexible_server","Microsoft.DBforPostgreSQL","2025-08-01","GeneratedAPISection","website/docs/d/postgresql_flexible_server.html.markdown"
"DataSource","azurerm_private_dns_a_record","Microsoft.Network","2024-06-01","GeneratedAPISection","website/docs/d/private_dns_a_record.html.markdown"
"DataSource","azurerm_private_dns_aaaa_record","Microsoft.Network","2024-06-01","GeneratedAPISection","website/docs/d/private_dns_aaaa_record.html.markdown"
"DataSource","azurerm_private_dns_cname_record","Microsoft.Network","2024-06-01","GeneratedAPISection","website/docs/d/private_dns_cname_record.html.markdown"
"DataSource","azurerm_private_dns_mx_record","Microsoft.Network","2024-06-01","GeneratedAPISection","website/docs/d/private_dns_mx_record.html.markdown"
"DataSource","azurerm_private_dns_ptr_record","Microsoft.Network","2024-06-01","GeneratedAPISection","website/docs/d/private_dns_ptr_record.html.markdown"
"DataSource","azurerm_private_dns_resolver","Microsoft.Network","2022-07-01","GeneratedAPISection","website/docs/d/private_dns_resolver.html.markdown"
"DataSource","azurerm_private_dns_resolver_dns_forwarding_ruleset","Microsoft.Network","2022-07-01","GeneratedAPISection","website/docs/d/private_dns_resolver_dns_forwarding_ruleset.html.markdown"
"DataSource","azurerm_private_dns_resolver_forwarding_rule","Microsoft.Network","2022-07-01","GeneratedAPISection","website/docs/d/private_dns_resolver_forwarding_rule.html.markdown"
"DataSource","azurerm_private_dns_resolver_inbound_endpoint","Microsoft.Network","2022-07-01","GeneratedAPISection","website/docs/d/private_dns_resolver_inbound_endpoint.html.markdown"
"DataSource","azurerm_private_dns_resolver_outbound_endpoint","Microsoft.Network","2022-07-01","GeneratedAPISection","website/docs/d/private_dns_resolver_outbound_endpoint.html.markdown"
"DataSource","azurerm_private_dns_resolver_virtual_network_link","Microsoft.Network","2022-07-01","GeneratedAPISection","website/docs/d/private_dns_resolver_virtual_network_link.html.markdown"
"DataSource","azurerm_private_dns_soa_record","Microsoft.Network","2024-06-01","GeneratedAPISection","website/docs/d/private_dns_soa_record.html.markdown"
"DataSource","azurerm_private_dns_srv_record","Microsoft.Network","2024-06-01","GeneratedAPISection","website/docs/d/private_dns_srv_record.html.markdown"
"DataSource","azurerm_private_dns_txt_record","Microsoft.Network","2024-06-01","GeneratedAPISection","website/docs/d/private_dns_txt_record.html.markdown"
"DataSource","azurerm_private_dns_zone","Microsoft.Network","2024-06-01","MatchingResource:GeneratedAPISection","website/docs/d/private_dns_zone.html.markdown"
"DataSource","azurerm_private_dns_zone_virtual_network_link","Microsoft.Network","2024-06-01","GeneratedAPISection","website/docs/d/private_dns_zone_virtual_network_link.html.markdown"
"DataSource","azurerm_private_endpoint_connection","Microsoft.Network","2025-01-01","GeneratedAPISection","website/docs/d/private_endpoint_connection.html.markdown"
"DataSource","azurerm_private_link_service","Microsoft.Network","2025-01-01","GeneratedAPISection","website/docs/d/private_link_service.html.markdown"
"DataSource","azurerm_private_link_service_endpoint_connections","Microsoft.Network","2025-01-01","GeneratedAPISection","website/docs/d/private_link_service_endpoint_connections.html.markdown"
"DataSource","azurerm_proximity_placement_group","Microsoft.Compute","2022-03-01","GeneratedAPISection","website/docs/d/proximity_placement_group.html.markdown"
"DataSource","azurerm_public_ip","Microsoft.Network","2025-01-01","GeneratedAPISection","website/docs/d/public_ip.html.markdown"
"DataSource","azurerm_public_ip_prefix","Microsoft.Network","2025-01-01","GeneratedAPISection","website/docs/d/public_ip_prefix.html.markdown"
"DataSource","azurerm_public_ips","Microsoft.Network","2025-01-01","GeneratedAPISection","website/docs/d/public_ips.html.markdown"
"DataSource","azurerm_public_maintenance_configurations","Microsoft.Maintenance","2023-04-01","GeneratedAPISection","website/docs/d/public_maintenance_configurations.html.markdown"
"DataSource","azurerm_recovery_services_vault","Microsoft.RecoveryServices","2025-08-01","GeneratedAPISection","website/docs/d/recovery_services_vault.html.markdown"
"DataSource","azurerm_redis_cache","Microsoft.Cache","2024-11-01","GeneratedAPISection","website/docs/d/redis_cache.html.markdown"
"DataSource","azurerm_resource_group","","","Unmapped","website/docs/d/resource_group.html.markdown"
"DataSource","azurerm_resource_group_template_deployment","Microsoft.Resources","","MatchingResource:ARMImportID","website/docs/d/resource_group_template_deployment.html.markdown"
"DataSource","azurerm_resources","","","Unmapped","website/docs/d/resources.html.markdown"
"DataSource","azurerm_role_assignments","Microsoft.Authorization","2022-04-01","GeneratedAPISection","website/docs/d/role_assignments.html.markdown"
"DataSource","azurerm_role_definition","Microsoft.Authorization","2022-05-01-preview","GeneratedAPISection","website/docs/d/role_definition.html.markdown"
"DataSource","azurerm_role_management_policy","Microsoft.Authorization","2020-10-01","GeneratedAPISection","website/docs/d/role_management_policy.html.markdown"
"DataSource","azurerm_route_filter","Microsoft.Network","2025-01-01","GeneratedAPISection","website/docs/d/route_filter.html.markdown"
"DataSource","azurerm_route_table","Microsoft.Network","2025-01-01","GeneratedAPISection","website/docs/d/route_table.html.markdown"
"DataSource","azurerm_search_service","Microsoft.Search","2025-05-01","GeneratedAPISection","website/docs/d/search_service.html.markdown"
"DataSource","azurerm_sentinel_alert_rule","Microsoft.OperationalInsights","2023-12-01-preview","GeneratedAPISection","website/docs/d/sentinel_alert_rule.html.markdown"
"DataSource","azurerm_sentinel_alert_rule_anomaly","Microsoft.SecurityInsights","2022-10-01-preview","GeneratedAPISection","website/docs/d/sentinel_alert_rule_anomaly.html.markdown"
"DataSource","azurerm_sentinel_alert_rule_template","Microsoft.OperationalInsights","2022-10-01-preview","GeneratedAPISection","website/docs/d/sentinel_alert_rule_template.html.markdown"
"DataSource","azurerm_sentinel_alert_rule_template","Microsoft.SecurityInsights","2022-10-01-preview","GeneratedAPISection","website/docs/d/sentinel_alert_rule_template.html.markdown"
"DataSource","azurerm_service_plan","Microsoft.Web","2023-12-01","GeneratedAPISection","website/docs/d/service_plan.html.markdown"
"DataSource","azurerm_servicebus_namespace","Microsoft.ServiceBus","2024-01-01","GeneratedAPISection","website/docs/d/servicebus_namespace.html.markdown"
"DataSource","azurerm_servicebus_namespace_authorization_rule","Microsoft.ServiceBus","2024-01-01","GeneratedAPISection","website/docs/d/servicebus_namespace_authorization_rule.html.markdown"
"DataSource","azurerm_servicebus_namespace_disaster_recovery_config","Microsoft.ServiceBus","2024-01-01","GeneratedAPISection","website/docs/d/servicebus_namespace_disaster_recovery_config.html.markdown"
"DataSource","azurerm_servicebus_queue","Microsoft.ServiceBus","2024-01-01","GeneratedAPISection","website/docs/d/servicebus_queue.html.markdown"
"DataSource","azurerm_servicebus_queue_authorization_rule","Microsoft.ServiceBus","2024-01-01","GeneratedAPISection","website/docs/d/servicebus_queue_authorization_rule.html.markdown"
"DataSource","azurerm_servicebus_subscription","Microsoft.ServiceBus","2024-01-01","GeneratedAPISection","website/docs/d/servicebus_subscription.html.markdown"
"DataSource","azurerm_servicebus_topic","Microsoft.ServiceBus","2024-01-01","GeneratedAPISection","website/docs/d/servicebus_topic.html.markdown"
"DataSource","azurerm_servicebus_topic_authorization_rule","Microsoft.ServiceBus","2024-01-01","GeneratedAPISection","website/docs/d/servicebus_topic_authorization_rule.html.markdown"
"DataSource","azurerm_shared_image","Microsoft.Compute","2022-03-03","GeneratedAPISection","website/docs/d/shared_image.html.markdown"
"DataSource","azurerm_shared_image_gallery","Microsoft.Compute","2022-03-03","GeneratedAPISection","website/docs/d/shared_image_gallery.html.markdown"
"DataSource","azurerm_shared_image_version","Microsoft.Compute","2023-07-03","GeneratedAPISection","website/docs/d/shared_image_version.html.markdown"
"DataSource","azurerm_shared_image_versions","Microsoft.Compute","2023-07-03","GeneratedAPISection","website/docs/d/shared_image_versions.html.markdown"
"DataSource","azurerm_signalr_service","Microsoft.SignalRService","2024-03-01","GeneratedAPISection","website/docs/d/signalr_service.html.markdown"
"DataSource","azurerm_site_recovery_fabric","Microsoft.RecoveryServices","2024-04-01","GeneratedAPISection","website/docs/d/site_recovery_fabric.html.markdown"
"DataSource","azurerm_site_recovery_protection_container","Microsoft.RecoveryServices","2024-04-01","GeneratedAPISection","website/docs/d/site_recovery_protection_container.html.markdown"
"DataSource","azurerm_site_recovery_replication_policy","Microsoft.RecoveryServices","2024-04-01","GeneratedAPISection","website/docs/d/site_recovery_replication_policy.html.markdown"
"DataSource","azurerm_site_recovery_replication_recovery_plan","Microsoft.RecoveryServices","2024-04-01","GeneratedAPISection","website/docs/d/site_recovery_replication_recovery_plan.html.markdown"
"DataSource","azurerm_snapshot","Microsoft.Compute","2022-03-02","GeneratedAPISection","website/docs/d/snapshot.html.markdown"
"DataSource","azurerm_source_control_token","Microsoft.Web","2023-01-01","GeneratedAPISection","website/docs/d/source_control_token.html.markdown"
"DataSource","azurerm_spring_cloud_app","Microsoft.AppPlatform","","MatchingResource:ARMImportID","website/docs/d/spring_cloud_app.html.markdown"
"DataSource","azurerm_spring_cloud_service","Microsoft.AppPlatform","","MatchingResource:ARMImportID","website/docs/d/spring_cloud_service.html.markdown"
"DataSource","azurerm_ssh_public_key","Microsoft.Compute","2024-03-01","GeneratedAPISection","website/docs/d/ssh_public_key.html.markdown"
"DataSource","azurerm_stack_hci_cluster","Microsoft.AzureStackHCI","2024-01-01, 2022-05-04","GeneratedAPISection","website/docs/d/stack_hci_cluster.html.markdown"
"DataSource","azurerm_stack_hci_storage_path","Microsoft.AzureStackHCI","2024-01-01","GeneratedAPISection","website/docs/d/stack_hci_storage_path.html.markdown"
"DataSource","azurerm_static_web_app","Microsoft.Web","2023-01-01","GeneratedAPISection","website/docs/d/static_web_app.html.markdown"
"DataSource","azurerm_storage_account","Microsoft.Storage","2025-08-01","GeneratedAPISection","website/docs/d/storage_account.html.markdown"
"DataSource","azurerm_storage_account_blob_container_sas","","","Unmapped","website/docs/d/storage_account_blob_container_sas.html.markdown"
"DataSource","azurerm_storage_account_sas","","","Unmapped","website/docs/d/storage_account_sas.html.markdown"
"DataSource","azurerm_storage_blob","","","Unmapped","website/docs/d/storage_blob.html.markdown"
"DataSource","azurerm_storage_container","Microsoft.Storage","2025-08-01","GeneratedAPISection","website/docs/d/storage_container.html.markdown"
"DataSource","azurerm_storage_containers","","","Unmapped","website/docs/d/storage_containers.html.markdown"
"DataSource","azurerm_storage_encryption_scope","Microsoft.Storage","2025-08-01","GeneratedAPISection","website/docs/d/storage_encryption_scope.html.markdown"
"DataSource","azurerm_storage_management_policy","Microsoft.Storage","2025-08-01","GeneratedAPISection","website/docs/d/storage_management_policy.html.markdown"
"DataSource","azurerm_storage_queue","Microsoft.Storage","2025-08-01","GeneratedAPISection","website/docs/d/storage_queue.html.markdown"
"DataSource","azurerm_storage_share","Microsoft.Storage","2025-08-01","GeneratedAPISection","website/docs/d/storage_share.html.markdown"
"DataSource","azurerm_storage_sync","Microsoft.StorageSync","2020-03-01","GeneratedAPISection","website/docs/d/storage_sync.html.markdown"
"DataSource","azurerm_storage_sync_group","Microsoft.StorageSync","2020-03-01","GeneratedAPISection","website/docs/d/storage_sync_group.html.markdown"
"DataSource","azurerm_storage_table","Microsoft.Storage","","MatchingResource:ARMImportID","website/docs/d/storage_table.html.markdown"
"DataSource","azurerm_storage_table_entities","","","Unmapped","website/docs/d/storage_table_entities.html.markdown"
"DataSource","azurerm_storage_table_entity","","","Unmapped","website/docs/d/storage_table_entity.html.markdown"
"DataSource","azurerm_stream_analytics_job","Microsoft.StreamAnalytics","2021-10-01-preview","GeneratedAPISection","website/docs/d/stream_analytics_job.html.markdown"
"DataSource","azurerm_subnet","Microsoft.Network","2025-01-01","GeneratedAPISection","website/docs/d/subnet.html.markdown"
"DataSource","azurerm_subscription","Microsoft.Resources","2023-07-01","MatchingResource:GeneratedAPISection","website/docs/d/subscription.html.markdown"
"DataSource","azurerm_subscription_template_deployment","Microsoft.Resources","","MatchingResource:ARMImportID","website/docs/d/subscription_template_deployment.html.markdown"
"DataSource","azurerm_subscriptions","","","Unmapped","website/docs/d/subscriptions.html.markdown"
"DataSource","azurerm_synapse_workspace","Microsoft.Synapse","","MatchingResource:ARMImportID","website/docs/d/synapse_workspace.html.markdown"
"DataSource","azurerm_system_center_virtual_machine_manager_inventory_items","Microsoft.ScVmm","2023-10-07","GeneratedAPISection","website/docs/d/system_center_virtual_machine_manager_inventory_items.html.markdown"
"DataSource","azurerm_template_spec_version","Microsoft.Resources","2022-02-01","GeneratedAPISection","website/docs/d/template_spec_version.html.markdown"
"DataSource","azurerm_tenant_template_deployment","","","Unmapped","website/docs/d/tenant_template_deployment.html.markdown"
"DataSource","azurerm_traffic_manager_geographical_location","Microsoft.Network","2022-04-01","GeneratedAPISection","website/docs/d/traffic_manager_geographical_location.html.markdown"
"DataSource","azurerm_traffic_manager_profile","Microsoft.Network","2022-04-01","GeneratedAPISection","website/docs/d/traffic_manager_profile.html.markdown"
"DataSource","azurerm_trusted_signing_account","Microsoft.CodeSigning","2025-10-13","GeneratedAPISection","website/docs/d/trusted_signing_account.html.markdown"
"DataSource","azurerm_user_assigned_identity","Microsoft.ManagedIdentity","2024-11-30","GeneratedAPISection","website/docs/d/user_assigned_identity.html.markdown"
"DataSource","azurerm_virtual_desktop_application_group","Microsoft.DesktopVirtualization","2025-10-10","GeneratedAPISection","website/docs/d/virtual_desktop_application_group.html.markdown"
"DataSource","azurerm_virtual_desktop_host_pool","Microsoft.DesktopVirtualization","2025-10-10","GeneratedAPISection","website/docs/d/virtual_desktop_host_pool.html.markdown"
"DataSource","azurerm_virtual_desktop_workspace","Microsoft.DesktopVirtualization","2025-10-10","GeneratedAPISection","website/docs/d/virtual_desktop_workspace.html.markdown"
"DataSource","azurerm_virtual_hub","Microsoft.Network","2025-01-01","GeneratedAPISection","website/docs/d/virtual_hub.html.markdown"
"DataSource","azurerm_virtual_hub_connection","Microsoft.Network","2025-01-01","GeneratedAPISection","website/docs/d/virtual_hub_connection.html.markdown"
"DataSource","azurerm_virtual_hub_route_table","Microsoft.Network","2025-01-01","GeneratedAPISection","website/docs/d/virtual_hub_route_table.html.markdown"
"DataSource","azurerm_virtual_machine","Microsoft.Compute","2024-03-01","GeneratedAPISection","website/docs/d/virtual_machine.html.markdown"
"DataSource","azurerm_virtual_machine_scale_set","Microsoft.Compute","2025-04-01, 2024-03-01, 2023-09-01","GeneratedAPISection","website/docs/d/virtual_machine_scale_set.html.markdown"
"DataSource","azurerm_virtual_network","Microsoft.Network","2025-01-01","GeneratedAPISection","website/docs/d/virtual_network.html.markdown"
"DataSource","azurerm_virtual_network_gateway","Microsoft.Network","2025-01-01","GeneratedAPISection","website/docs/d/virtual_network_gateway.html.markdown"
"DataSource","azurerm_virtual_network_gateway_connection","Microsoft.Network","2025-01-01","GeneratedAPISection","website/docs/d/virtual_network_gateway_connection.html.markdown"
"DataSource","azurerm_virtual_network_peering","Microsoft.Network","2025-01-01","GeneratedAPISection","website/docs/d/virtual_network_peering.html.markdown"
"DataSource","azurerm_virtual_wan","Microsoft.Network","2025-01-01","GeneratedAPISection","website/docs/d/virtual_wan.html.markdown"
"DataSource","azurerm_vmware_private_cloud","Microsoft.AVS","2022-05-01","GeneratedAPISection","website/docs/d/vmware_private_cloud.html.markdown"
"DataSource","azurerm_vpn_gateway","Microsoft.Network","2025-01-01","GeneratedAPISection","website/docs/d/vpn_gateway.html.markdown"
"DataSource","azurerm_vpn_server_configuration","Microsoft.Network","2025-01-01","GeneratedAPISection","website/docs/d/vpn_server_configuration.html.markdown"
"DataSource","azurerm_web_application_firewall_policy","Microsoft.Network","2025-01-01","GeneratedAPISection","website/docs/d/web_application_firewall_policy.html.markdown"
"DataSource","azurerm_web_pubsub","Microsoft.SignalRService","2024-03-01","GeneratedAPISection","website/docs/d/web_pubsub.html.markdown"
"DataSource","azurerm_web_pubsub_private_link_resource","Microsoft.SignalRService","2024-03-01","GeneratedAPISection","website/docs/d/web_pubsub_private_link_resource.html.markdown"
"DataSource","azurerm_windows_function_app","Microsoft.Web","2023-12-01","GeneratedAPISection","website/docs/d/windows_function_app.html.markdown"
"DataSource","azurerm_windows_web_app","Microsoft.Web","2023-12-01","GeneratedAPISection","website/docs/d/windows_web_app.html.markdown"
"EphemeralResource","azurerm_key_vault_certificate","","","Unmapped","website/docs/ephemeral-resources/key_vault_certificate.html.markdown"
"EphemeralResource","azurerm_key_vault_secret","","","Unmapped","website/docs/ephemeral-resources/key_vault_secret.html.markdown"
"Resource","azurerm_aadb2c_directory","Microsoft.AzureActiveDirectory","2021-04-01-preview","GeneratedAPISection","website/docs/r/aadb2c_directory.html.markdown"
"Resource","azurerm_active_directory_domain_service","Microsoft.AAD","2021-05-01","GeneratedAPISection","website/docs/r/active_directory_domain_service.html.markdown"
"Resource","azurerm_active_directory_domain_service_replica_set","Microsoft.AAD","2021-05-01","GeneratedAPISection","website/docs/r/active_directory_domain_service_replica_set.html.markdown"
"Resource","azurerm_active_directory_domain_service_trust","Microsoft.AAD","2021-05-01","GeneratedAPISection","website/docs/r/active_directory_domain_service_trust.html.markdown"
"Resource","azurerm_advanced_threat_protection","Microsoft.Security","","ARMImportID","website/docs/r/advanced_threat_protection.html.markdown"
"Resource","azurerm_advisor_suppression","Microsoft.Advisor","2023-01-01","GeneratedAPISection","website/docs/r/advisor_suppression.html.markdown"
"Resource","azurerm_ai_foundry","Microsoft.MachineLearningServices","2025-06-01","GeneratedAPISection","website/docs/r/ai_foundry.html.markdown"
"Resource","azurerm_ai_foundry_project","Microsoft.MachineLearningServices","2025-06-01","GeneratedAPISection","website/docs/r/ai_foundry_project.html.markdown"
"Resource","azurerm_analysis_services_server","Microsoft.AnalysisServices","2017-08-01","GeneratedAPISection","website/docs/r/analysis_services_server.html.markdown"
"Resource","azurerm_api_connection","Microsoft.Web","2016-06-01","GeneratedAPISection","website/docs/r/api_connection.html.markdown"
"Resource","azurerm_api_management","Microsoft.ApiManagement","2024-05-01, 2022-08-01","GeneratedAPISection","website/docs/r/api_management.html.markdown"
"Resource","azurerm_api_management_api","Microsoft.ApiManagement","2022-08-01","GeneratedAPISection","website/docs/r/api_management_api.html.markdown"
"Resource","azurerm_api_management_api_diagnostic","Microsoft.ApiManagement","2022-08-01","GeneratedAPISection","website/docs/r/api_management_api_diagnostic.html.markdown"
"Resource","azurerm_api_management_api_operation","Microsoft.ApiManagement","2022-08-01","GeneratedAPISection","website/docs/r/api_management_api_operation.html.markdown"
"Resource","azurerm_api_management_api_operation_policy","Microsoft.ApiManagement","2022-08-01","GeneratedAPISection","website/docs/r/api_management_api_operation_policy.html.markdown"
"Resource","azurerm_api_management_api_operation_tag","Microsoft.ApiManagement","2022-08-01","GeneratedAPISection","website/docs/r/api_management_api_operation_tag.html.markdown"
"Resource","azurerm_api_management_api_policy","Microsoft.ApiManagement","2022-08-01","GeneratedAPISection","website/docs/r/api_management_api_policy.html.markdown"
"Resource","azurerm_api_management_api_release","Microsoft.ApiManagement","2022-08-01","GeneratedAPISection","website/docs/r/api_management_api_release.html.markdown"
"Resource","azurerm_api_management_api_schema","Microsoft.ApiManagement","2022-08-01","GeneratedAPISection","website/docs/r/api_management_api_schema.html.markdown"
"Resource","azurerm_api_management_api_tag","Microsoft.ApiManagement","2022-08-01","GeneratedAPISection","website/docs/r/api_management_api_tag.html.markdown"
"Resource","azurerm_api_management_api_tag_description","Microsoft.ApiManagement","2022-08-01","GeneratedAPISection","website/docs/r/api_management_api_tag_description.html.markdown"
"Resource","azurerm_api_management_api_version_set","Microsoft.ApiManagement","2022-08-01","GeneratedAPISection","website/docs/r/api_management_api_version_set.html.markdown"
"Resource","azurerm_api_management_authorization_server","Microsoft.ApiManagement","2022-08-01","GeneratedAPISection","website/docs/r/api_management_authorization_server.html.markdown"
"Resource","azurerm_api_management_backend","Microsoft.ApiManagement","2024-05-01","GeneratedAPISection","website/docs/r/api_management_backend.html.markdown"
"Resource","azurerm_api_management_certificate","Microsoft.ApiManagement","2022-08-01","GeneratedAPISection","website/docs/r/api_management_certificate.html.markdown"
"Resource","azurerm_api_management_custom_domain","Microsoft.ApiManagement","2024-05-01","GeneratedAPISection","website/docs/r/api_management_custom_domain.html.markdown"
"Resource","azurerm_api_management_diagnostic","Microsoft.ApiManagement","2022-08-01","GeneratedAPISection","website/docs/r/api_management_diagnostic.html.markdown"
"Resource","azurerm_api_management_email_template","Microsoft.ApiManagement","2022-08-01","GeneratedAPISection","website/docs/r/api_management_email_template.html.markdown"
"Resource","azurerm_api_management_gateway","Microsoft.ApiManagement","2022-08-01","GeneratedAPISection","website/docs/r/api_management_gateway.html.markdown"
"Resource","azurerm_api_management_gateway_api","Microsoft.ApiManagement","2022-08-01","GeneratedAPISection","website/docs/r/api_management_gateway_api.html.markdown"
"Resource","azurerm_api_management_gateway_certificate_authority","Microsoft.ApiManagement","2022-08-01","GeneratedAPISection","website/docs/r/api_management_gateway_certificate_authority.html.markdown"
"Resource","azurerm_api_management_gateway_host_name_configuration","Microsoft.ApiManagement","2022-08-01","GeneratedAPISection","website/docs/r/api_management_gateway_host_name_configuration.html.markdown"
"Resource","azurerm_api_management_global_schema","Microsoft.ApiManagement","2022-08-01","GeneratedAPISection","website/docs/r/api_management_global_schema.html.markdown"
"Resource","azurerm_api_management_group","Microsoft.ApiManagement","2022-08-01","GeneratedAPISection","website/docs/r/api_management_group.html.markdown"
"Resource","azurerm_api_management_group_user","Microsoft.ApiManagement","2022-08-01","GeneratedAPISection","website/docs/r/api_management_group_user.html.markdown"
"Resource","azurerm_api_management_identity_provider_aad","Microsoft.ApiManagement","2022-08-01","GeneratedAPISection","website/docs/r/api_management_identity_provider_aad.html.markdown"
"Resource","azurerm_api_management_identity_provider_aadb2c","Microsoft.ApiManagement","2022-08-01","GeneratedAPISection","website/docs/r/api_management_identity_provider_aadb2c.html.markdown"
"Resource","azurerm_api_management_identity_provider_facebook","Microsoft.ApiManagement","2022-08-01","GeneratedAPISection","website/docs/r/api_management_identity_provider_facebook.html.markdown"
"Resource","azurerm_api_management_identity_provider_google","Microsoft.ApiManagement","2022-08-01","GeneratedAPISection","website/docs/r/api_management_identity_provider_google.html.markdown"
"Resource","azurerm_api_management_identity_provider_microsoft","Microsoft.ApiManagement","2022-08-01","GeneratedAPISection","website/docs/r/api_management_identity_provider_microsoft.html.markdown"
"Resource","azurerm_api_management_identity_provider_twitter","Microsoft.ApiManagement","2022-08-01","GeneratedAPISection","website/docs/r/api_management_identity_provider_twitter.html.markdown"
"Resource","azurerm_api_management_logger","Microsoft.ApiManagement","2022-08-01","GeneratedAPISection","website/docs/r/api_management_logger.html.markdown"
"Resource","azurerm_api_management_named_value","Microsoft.ApiManagement","2022-08-01","GeneratedAPISection","website/docs/r/api_management_named_value.html.markdown"
"Resource","azurerm_api_management_notification_recipient_email","Microsoft.ApiManagement","2022-08-01","GeneratedAPISection","website/docs/r/api_management_notification_recipient_email.html.markdown"
"Resource","azurerm_api_management_notification_recipient_user","Microsoft.ApiManagement","2022-08-01","GeneratedAPISection","website/docs/r/api_management_notification_recipient_user.html.markdown"
"Resource","azurerm_api_management_openid_connect_provider","Microsoft.ApiManagement","2022-08-01","GeneratedAPISection","website/docs/r/api_management_openid_connect_provider.html.markdown"
"Resource","azurerm_api_management_policy","Microsoft.ApiManagement","2024-05-01, 2022-08-01","GeneratedAPISection","website/docs/r/api_management_policy.html.markdown"
"Resource","azurerm_api_management_policy_fragment","Microsoft.ApiManagement","2022-08-01","GeneratedAPISection","website/docs/r/api_management_policy_fragment.html.markdown"
"Resource","azurerm_api_management_product","Microsoft.ApiManagement","2022-08-01","GeneratedAPISection","website/docs/r/api_management_product.html.markdown"
"Resource","azurerm_api_management_product_api","Microsoft.ApiManagement","2022-08-01","GeneratedAPISection","website/docs/r/api_management_product_api.html.markdown"
"Resource","azurerm_api_management_product_group","Microsoft.ApiManagement","2022-08-01","GeneratedAPISection","website/docs/r/api_management_product_group.html.markdown"
"Resource","azurerm_api_management_product_policy","Microsoft.ApiManagement","2022-08-01","GeneratedAPISection","website/docs/r/api_management_product_policy.html.markdown"
"Resource","azurerm_api_management_product_tag","Microsoft.ApiManagement","2022-08-01","GeneratedAPISection","website/docs/r/api_management_product_tag.html.markdown"
"Resource","azurerm_api_management_redis_cache","Microsoft.ApiManagement","2022-08-01","GeneratedAPISection","website/docs/r/api_management_redis_cache.html.markdown"
"Resource","azurerm_api_management_standalone_gateway","Microsoft.ApiManagement","2024-05-01","GeneratedAPISection","website/docs/r/api_management_standalone_gateway.html.markdown"
"Resource","azurerm_api_management_subscription","Microsoft.ApiManagement","2022-08-01","GeneratedAPISection","website/docs/r/api_management_subscription.html.markdown"
"Resource","azurerm_api_management_tag","Microsoft.ApiManagement","2022-08-01","GeneratedAPISection","website/docs/r/api_management_tag.html.markdown"
"Resource","azurerm_api_management_user","Microsoft.ApiManagement","2022-08-01","GeneratedAPISection","website/docs/r/api_management_user.html.markdown"
"Resource","azurerm_api_management_workspace","Microsoft.ApiManagement","2024-05-01","GeneratedAPISection","website/docs/r/api_management_workspace.html.markdown"
"Resource","azurerm_api_management_workspace_api_version_set","Microsoft.ApiManagement","2024-05-01","GeneratedAPISection","website/docs/r/api_management_workspace_api_version_set.html.markdown"
"Resource","azurerm_api_management_workspace_certificate","Microsoft.ApiManagement","2024-05-01","GeneratedAPISection","website/docs/r/api_management_workspace_certificate.html.markdown"
"Resource","azurerm_api_management_workspace_named_value","Microsoft.ApiManagement","2024-05-01","GeneratedAPISection","website/docs/r/api_management_workspace_named_value.html.markdown"
"Resource","azurerm_api_management_workspace_policy","Microsoft.ApiManagement","2024-05-01","GeneratedAPISection","website/docs/r/api_management_workspace_policy.html.markdown"
"Resource","azurerm_api_management_workspace_policy_fragment","Microsoft.ApiManagement","2024-05-01","GeneratedAPISection","website/docs/r/api_management_workspace_policy_fragment.html.markdown"
"Resource","azurerm_app_configuration","Microsoft.AppConfiguration","2024-05-01","GeneratedAPISection","website/docs/r/app_configuration.html.markdown"
"Resource","azurerm_app_configuration_feature","","","Unmapped","website/docs/r/app_configuration_feature.html.markdown"
"Resource","azurerm_app_configuration_key","","","Unmapped","website/docs/r/app_configuration_key.html.markdown"
"Resource","azurerm_app_service_certificate","Microsoft.Web","2023-12-01","GeneratedAPISection","website/docs/r/app_service_certificate.html.markdown"
"Resource","azurerm_app_service_certificate_binding","Microsoft.Web","2023-12-01","GeneratedAPISection","website/docs/r/app_service_certificate_binding.html.markdown"
"Resource","azurerm_app_service_certificate_order","Microsoft.CertificateRegistration","2023-12-01","GeneratedAPISection","website/docs/r/app_service_certificate_order.html.markdown"
"Resource","azurerm_app_service_connection","Microsoft.ServiceLinker","2024-04-01, 2022-05-01","GeneratedAPISection","website/docs/r/app_service_connection.html.markdown"
"Resource","azurerm_app_service_custom_hostname_binding","Microsoft.Web","2023-12-01","GeneratedAPISection","website/docs/r/app_service_custom_hostname_binding.html.markdown"
"Resource","azurerm_app_service_environment_v3","Microsoft.Network","2025-01-01","GeneratedAPISection","website/docs/r/app_service_environment_v3.html.markdown"
"Resource","azurerm_app_service_environment_v3","Microsoft.Web","2023-01-01","GeneratedAPISection","website/docs/r/app_service_environment_v3.html.markdown"
"Resource","azurerm_app_service_managed_certificate","Microsoft.Web","2023-12-01","GeneratedAPISection","website/docs/r/app_service_managed_certificate.html.markdown"
"Resource","azurerm_app_service_public_certificate","Microsoft.Web","2023-12-01","GeneratedAPISection","website/docs/r/app_service_public_certificate.html.markdown"
"Resource","azurerm_app_service_slot_custom_hostname_binding","Microsoft.Web","2023-12-01","GeneratedAPISection","website/docs/r/app_service_slot_custom_hostname_binding.html.markdown"
"Resource","azurerm_app_service_slot_virtual_network_swift_connection","Microsoft.Web","2023-12-01","GeneratedAPISection","website/docs/r/app_service_slot_virtual_network_swift_connection.html.markdown"
"Resource","azurerm_app_service_source_control","Microsoft.Web","2023-12-01","GeneratedAPISection","website/docs/r/app_service_source_control.html.markdown"
"Resource","azurerm_app_service_source_control_slot","Microsoft.Web","2023-12-01","GeneratedAPISection","website/docs/r/app_service_source_control_slot.html.markdown"
"Resource","azurerm_app_service_virtual_network_swift_connection","Microsoft.Web","2023-12-01","GeneratedAPISection","website/docs/r/app_service_virtual_network_swift_connection.html.markdown"
"Resource","azurerm_application_gateway","Microsoft.Network","2025-01-01","GeneratedAPISection","website/docs/r/application_gateway.html.markdown"
"Resource","azurerm_application_insights","Microsoft.AlertsManagement","2019-06-01","GeneratedAPISection","website/docs/r/application_insights.html.markdown"
"Resource","azurerm_application_insights","Microsoft.Insights","2020-02-02, 2015-05-01","GeneratedAPISection","website/docs/r/application_insights.html.markdown"
"Resource","azurerm_application_insights_analytics_item","Microsoft.Insights","2015-05-01","GeneratedAPISection","website/docs/r/application_insights_analytics_item.html.markdown"
"Resource","azurerm_application_insights_api_key","Microsoft.Insights","2015-05-01","GeneratedAPISection","website/docs/r/application_insights_api_key.html.markdown"
"Resource","azurerm_application_insights_smart_detection_rule","Microsoft.Insights","2015-05-01","GeneratedAPISection","website/docs/r/application_insights_smart_detection_rule.html.markdown"
"Resource","azurerm_application_insights_standard_web_test","Microsoft.Insights","2022-06-15","GeneratedAPISection","website/docs/r/application_insights_standard_web_test.html.markdown"
"Resource","azurerm_application_insights_web_test","Microsoft.Insights","2022-06-15","GeneratedAPISection","website/docs/r/application_insights_web_test.html.markdown"
"Resource","azurerm_application_insights_workbook","Microsoft.Insights","2022-04-01","GeneratedAPISection","website/docs/r/application_insights_workbook.html.markdown"
"Resource","azurerm_application_insights_workbook_template","Microsoft.Insights","2020-11-20","GeneratedAPISection","website/docs/r/application_insights_workbook_template.html.markdown"
"Resource","azurerm_application_load_balancer","Microsoft.ServiceNetworking","2025-01-01","GeneratedAPISection","website/docs/r/application_load_balancer.html.markdown"
"Resource","azurerm_application_load_balancer_frontend","Microsoft.ServiceNetworking","2025-01-01","GeneratedAPISection","website/docs/r/application_load_balancer_frontend.html.markdown"
"Resource","azurerm_application_load_balancer_security_policy","Microsoft.ServiceNetworking","2025-01-01","GeneratedAPISection","website/docs/r/application_load_balancer_security_policy.html.markdown"
"Resource","azurerm_application_load_balancer_subnet_association","Microsoft.ServiceNetworking","2025-01-01","GeneratedAPISection","website/docs/r/application_load_balancer_subnet_association.html.markdown"
"Resource","azurerm_application_security_group","Microsoft.Network","2025-01-01","GeneratedAPISection","website/docs/r/application_security_group.html.markdown"
"Resource","azurerm_arc_kubernetes_cluster","Microsoft.Kubernetes","2024-01-01","GeneratedAPISection","website/docs/r/arc_kubernetes_cluster.html.markdown"
"Resource","azurerm_arc_kubernetes_cluster_extension","Microsoft.KubernetesConfiguration","2024-11-01","GeneratedAPISection","website/docs/r/arc_kubernetes_cluster_extension.html.markdown"
"Resource","azurerm_arc_kubernetes_flux_configuration","Microsoft.KubernetesConfiguration","2025-04-01","GeneratedAPISection","website/docs/r/arc_kubernetes_flux_configuration.html.markdown"
"Resource","azurerm_arc_kubernetes_provisioned_cluster","Microsoft.Kubernetes","2024-01-01","GeneratedAPISection","website/docs/r/arc_kubernetes_provisioned_cluster.html.markdown"
"Resource","azurerm_arc_machine","Microsoft.HybridCompute","2024-07-10","GeneratedAPISection","website/docs/r/arc_machine.html.markdown"
"Resource","azurerm_arc_machine_automanage_configuration_assignment","Microsoft.HybridCompute","2022-05-04","GeneratedAPISection","website/docs/r/arc_machine_automanage_configuration_assignment.html.markdown"
"Resource","azurerm_arc_machine_extension","Microsoft.HybridCompute","2022-11-10","GeneratedAPISection","website/docs/r/arc_machine_extension.html.markdown"
"Resource","azurerm_arc_private_link_scope","Microsoft.HybridCompute","2022-11-10","GeneratedAPISection","website/docs/r/arc_private_link_scope.html.markdown"
"Resource","azurerm_arc_resource_bridge_appliance","Microsoft.ResourceConnector","2022-10-27","GeneratedAPISection","website/docs/r/arc_resource_bridge_appliance.html.markdown"
"Resource","azurerm_attestation_provider","Microsoft.Attestation","2020-10-01","GeneratedAPISection","website/docs/r/attestation_provider.html.markdown"
"Resource","azurerm_automanage_configuration","Microsoft.AutoManage","2022-05-04","GeneratedAPISection","website/docs/r/automanage_configuration.html.markdown"
"Resource","azurerm_automation_account","Microsoft.Automation","2024-10-23, 2019-06-01","GeneratedAPISection","website/docs/r/automation_account.html.markdown"
"Resource","azurerm_automation_certificate","Microsoft.Automation","2024-10-23","GeneratedAPISection","website/docs/r/automation_certificate.html.markdown"
"Resource","azurerm_automation_connection","Microsoft.Automation","2024-10-23","GeneratedAPISection","website/docs/r/automation_connection.html.markdown"
"Resource","azurerm_automation_connection_certificate","Microsoft.Automation","2024-10-23","GeneratedAPISection","website/docs/r/automation_connection_certificate.html.markdown"
"Resource","azurerm_automation_connection_classic_certificate","Microsoft.Automation","2024-10-23","GeneratedAPISection","website/docs/r/automation_connection_classic_certificate.html.markdown"
"Resource","azurerm_automation_connection_service_principal","Microsoft.Automation","2024-10-23","GeneratedAPISection","website/docs/r/automation_connection_service_principal.html.markdown"
"Resource","azurerm_automation_connection_type","Microsoft.Automation","2024-10-23","GeneratedAPISection","website/docs/r/automation_connection_type.html.markdown"
"Resource","azurerm_automation_credential","Microsoft.Automation","2024-10-23","GeneratedAPISection","website/docs/r/automation_credential.html.markdown"
"Resource","azurerm_automation_dsc_configuration","Microsoft.Automation","2024-10-23","GeneratedAPISection","website/docs/r/automation_dsc_configuration.html.markdown"
"Resource","azurerm_automation_dsc_nodeconfiguration","Microsoft.Automation","2024-10-23","GeneratedAPISection","website/docs/r/automation_dsc_nodeconfiguration.html.markdown"
"Resource","azurerm_automation_hybrid_runbook_worker","Microsoft.Automation","2024-10-23","GeneratedAPISection","website/docs/r/automation_hybrid_runbook_worker.html.markdown"
"Resource","azurerm_automation_hybrid_runbook_worker_group","Microsoft.Automation","2024-10-23","GeneratedAPISection","website/docs/r/automation_hybrid_runbook_worker_group.html.markdown"
"Resource","azurerm_automation_job_schedule","Microsoft.Automation","2024-10-23","GeneratedAPISection","website/docs/r/automation_job_schedule.html.markdown"
"Resource","azurerm_automation_module","Microsoft.Automation","2024-10-23","GeneratedAPISection","website/docs/r/automation_module.html.markdown"
"Resource","azurerm_automation_powershell72_module","Microsoft.Automation","2023-11-01","GeneratedAPISection","website/docs/r/automation_powershell72_module.html.markdown"
"Resource","azurerm_automation_python3_package","Microsoft.Automation","2024-10-23","GeneratedAPISection","website/docs/r/automation_python3_package.html.markdown"
"Resource","azurerm_automation_runbook","Microsoft.Automation","2024-10-23","GeneratedAPISection","website/docs/r/automation_runbook.html.markdown"
"Resource","azurerm_automation_runtime_environment","Microsoft.Automation","2024-10-23","GeneratedAPISection","website/docs/r/automation_runtime_environment.html.markdown"
"Resource","azurerm_automation_runtime_environment_package","Microsoft.Automation","2024-10-23","GeneratedAPISection","website/docs/r/automation_runtime_environment_package.html.markdown"
"Resource","azurerm_automation_schedule","Microsoft.Automation","2024-10-23","GeneratedAPISection","website/docs/r/automation_schedule.html.markdown"
"Resource","azurerm_automation_source_control","Microsoft.Automation","2024-10-23","GeneratedAPISection","website/docs/r/automation_source_control.html.markdown"
"Resource","azurerm_automation_variable_bool","Microsoft.Automation","","ARMImportID","website/docs/r/automation_variable_bool.html.markdown"
"Resource","azurerm_automation_variable_datetime","Microsoft.Automation","","ARMImportID","website/docs/r/automation_variable_datetime.html.markdown"
"Resource","azurerm_automation_variable_int","Microsoft.Automation","","ARMImportID","website/docs/r/automation_variable_int.html.markdown"
"Resource","azurerm_automation_variable_object","Microsoft.Automation","","ARMImportID","website/docs/r/automation_variable_object.html.markdown"
"Resource","azurerm_automation_variable_string","Microsoft.Automation","","ARMImportID","website/docs/r/automation_variable_string.html.markdown"
"Resource","azurerm_automation_watcher","Microsoft.Automation","2020-01-13-preview","GeneratedAPISection","website/docs/r/automation_watcher.html.markdown"
"Resource","azurerm_automation_webhook","Microsoft.Automation","2015-10-31","GeneratedAPISection","website/docs/r/automation_webhook.html.markdown"
"Resource","azurerm_availability_set","Microsoft.Compute","2024-03-01","GeneratedAPISection","website/docs/r/availability_set.html.markdown"
"Resource","azurerm_backup_container_storage_account","Microsoft.RecoveryServices","","ARMImportID","website/docs/r/backup_container_storage_account.html.markdown"
"Resource","azurerm_backup_policy_file_share","Microsoft.RecoveryServices","","ARMImportID","website/docs/r/backup_policy_file_share.html.markdown"
"Resource","azurerm_backup_policy_vm","Microsoft.RecoveryServices","","ARMImportID","website/docs/r/backup_policy_vm.html.markdown"
"Resource","azurerm_backup_policy_vm_workload","Microsoft.RecoveryServices","","ARMImportID","website/docs/r/backup_policy_vm_workload.html.markdown"
"Resource","azurerm_backup_protected_file_share","Microsoft.RecoveryServices","","ARMImportID","website/docs/r/backup_protected_file_share.html.markdown"
"Resource","azurerm_backup_protected_vm","Microsoft.RecoveryServices","2025-08-01","GeneratedAPISection","website/docs/r/backup_protected_vm.html.markdown"
"Resource","azurerm_bastion_host","Microsoft.Network","2025-01-01","GeneratedAPISection","website/docs/r/bastion_host.html.markdown"
"Resource","azurerm_batch_account","Microsoft.Batch","2024-07-01","GeneratedAPISection","website/docs/r/batch_account.html.markdown"
"Resource","azurerm_batch_application","Microsoft.Batch","2024-07-01","GeneratedAPISection","website/docs/r/batch_application.html.markdown"
"Resource","azurerm_batch_job","Microsoft.Batch","2024-07-01","GeneratedAPISection","website/docs/r/batch_job.html.markdown"
"Resource","azurerm_batch_pool","Microsoft.Batch","2024-07-01","GeneratedAPISection","website/docs/r/batch_pool.html.markdown"
"Resource","azurerm_billing_account_cost_management_export","Microsoft.CostManagement","2023-08-01","GeneratedAPISection","website/docs/r/billing_account_cost_management_export.html.markdown"
"Resource","azurerm_blueprint_assignment","Microsoft.Blueprint","2018-11-01-preview","GeneratedAPISection","website/docs/r/blueprint_assignment.html.markdown"
"Resource","azurerm_bot_channel_alexa","Microsoft.BotService","","ARMImportID","website/docs/r/bot_channel_alexa.html.markdown"
"Resource","azurerm_bot_channel_direct_line_speech","Microsoft.BotService","","ARMImportID","website/docs/r/bot_channel_direct_line_speech.html.markdown"
"Resource","azurerm_bot_channel_directline","Microsoft.BotService","","ARMImportID","website/docs/r/bot_channel_directline.html.markdown"
"Resource","azurerm_bot_channel_email","Microsoft.BotService","2022-09-15","GeneratedAPISection","website/docs/r/bot_channel_email.html.markdown"
"Resource","azurerm_bot_channel_facebook","Microsoft.BotService","","ARMImportID","website/docs/r/bot_channel_facebook.html.markdown"
"Resource","azurerm_bot_channel_line","Microsoft.BotService","","ARMImportID","website/docs/r/bot_channel_line.html.markdown"
"Resource","azurerm_bot_channel_ms_teams","Microsoft.BotService","","ARMImportID","website/docs/r/bot_channel_ms_teams.html.markdown"
"Resource","azurerm_bot_channel_slack","Microsoft.BotService","","ARMImportID","website/docs/r/bot_channel_slack.html.markdown"
"Resource","azurerm_bot_channel_sms","Microsoft.BotService","","ARMImportID","website/docs/r/bot_channel_sms.html.markdown"
"Resource","azurerm_bot_channel_web_chat","Microsoft.BotService","","ARMImportID","website/docs/r/bot_channel_web_chat.html.markdown"
"Resource","azurerm_bot_channels_registration","Microsoft.BotService","","ARMImportID","website/docs/r/bot_channels_registration.html.markdown"
"Resource","azurerm_bot_connection","Microsoft.BotService","","ARMImportID","website/docs/r/bot_connection.html.markdown"
"Resource","azurerm_bot_service_azure_bot","Microsoft.BotService","","ARMImportID","website/docs/r/bot_service_azure_bot.html.markdown"
"Resource","azurerm_bot_web_app","Microsoft.BotService","","ARMImportID","website/docs/r/bot_web_app.html.markdown"
"Resource","azurerm_capacity_reservation","Microsoft.Compute","2022-03-01","GeneratedAPISection","website/docs/r/capacity_reservation.html.markdown"
"Resource","azurerm_capacity_reservation_group","Microsoft.Compute","2022-03-01","GeneratedAPISection","website/docs/r/capacity_reservation_group.html.markdown"
"Resource","azurerm_cdn_endpoint","Microsoft.Cdn","","ARMImportID","website/docs/r/cdn_endpoint.html.markdown"
"Resource","azurerm_cdn_endpoint_custom_domain","Microsoft.Cdn","","ARMImportID","website/docs/r/cdn_endpoint_custom_domain.html.markdown"
"Resource","azurerm_cdn_frontdoor_batch_rule_set","Microsoft.Cdn","2025-12-01","GeneratedAPISection","website/docs/r/cdn_frontdoor_batch_rule_set.html.markdown"
"Resource","azurerm_cdn_frontdoor_custom_domain","Microsoft.Cdn","2025-12-01","GeneratedAPISection","website/docs/r/cdn_frontdoor_custom_domain.html.markdown"
"Resource","azurerm_cdn_frontdoor_custom_domain_association","Microsoft.Cdn","2025-12-01","GeneratedAPISection","website/docs/r/cdn_frontdoor_custom_domain_association.html.markdown"
"Resource","azurerm_cdn_frontdoor_endpoint","Microsoft.Cdn","2025-12-01","GeneratedAPISection","website/docs/r/cdn_frontdoor_endpoint.html.markdown"
"Resource","azurerm_cdn_frontdoor_firewall_policy","Microsoft.Network","","ARMImportID","website/docs/r/cdn_frontdoor_firewall_policy.html.markdown"
"Resource","azurerm_cdn_frontdoor_origin","Microsoft.Cdn","2025-12-01","GeneratedAPISection","website/docs/r/cdn_frontdoor_origin.html.markdown"
"Resource","azurerm_cdn_frontdoor_origin_group","Microsoft.Cdn","2025-12-01","GeneratedAPISection","website/docs/r/cdn_frontdoor_origin_group.html.markdown"
"Resource","azurerm_cdn_frontdoor_profile","Microsoft.Cdn","2025-12-01","GeneratedAPISection","website/docs/r/cdn_frontdoor_profile.html.markdown"
"Resource","azurerm_cdn_frontdoor_route","Microsoft.Cdn","2025-12-01","GeneratedAPISection","website/docs/r/cdn_frontdoor_route.html.markdown"
"Resource","azurerm_cdn_frontdoor_rule","Microsoft.Cdn","2025-12-01","GeneratedAPISection","website/docs/r/cdn_frontdoor_rule.html.markdown"
"Resource","azurerm_cdn_frontdoor_rule_set","Microsoft.Cdn","2025-12-01","GeneratedAPISection","website/docs/r/cdn_frontdoor_rule_set.html.markdown"
"Resource","azurerm_cdn_frontdoor_secret","Microsoft.Cdn","2025-12-01","GeneratedAPISection","website/docs/r/cdn_frontdoor_secret.html.markdown"
"Resource","azurerm_cdn_frontdoor_security_policy","Microsoft.Cdn","2025-12-01","GeneratedAPISection","website/docs/r/cdn_frontdoor_security_policy.html.markdown"
"Resource","azurerm_cdn_profile","Microsoft.Cdn","","ARMImportID","website/docs/r/cdn_profile.html.markdown"
"Resource","azurerm_chaos_studio_capability","Microsoft.Chaos","2023-11-01","GeneratedAPISection","website/docs/r/chaos_studio_capability.html.markdown"
"Resource","azurerm_chaos_studio_experiment","Microsoft.Chaos","2023-11-01","GeneratedAPISection","website/docs/r/chaos_studio_experiment.html.markdown"
"Resource","azurerm_chaos_studio_target","","","Unmapped","website/docs/r/chaos_studio_target.html.markdown"
"Resource","azurerm_cognitive_account","Microsoft.CognitiveServices","2026-03-01","GeneratedAPISection","website/docs/r/cognitive_account.html.markdown"
"Resource","azurerm_cognitive_account","Microsoft.Network","2025-01-01","GeneratedAPISection","website/docs/r/cognitive_account.html.markdown"
"Resource","azurerm_cognitive_account_connection_account_key","Microsoft.CognitiveServices","2026-03-01","GeneratedAPISection","website/docs/r/cognitive_account_connection_account_key.html.markdown"
"Resource","azurerm_cognitive_account_connection_account_managed_identity","Microsoft.CognitiveServices","2026-03-01","GeneratedAPISection","website/docs/r/cognitive_account_connection_account_managed_identity.html.markdown"
"Resource","azurerm_cognitive_account_connection_api_key","Microsoft.CognitiveServices","2026-03-01","GeneratedAPISection","website/docs/r/cognitive_account_connection_api_key.html.markdown"
"Resource","azurerm_cognitive_account_connection_custom_keys","Microsoft.CognitiveServices","2026-03-01","GeneratedAPISection","website/docs/r/cognitive_account_connection_custom_keys.html.markdown"
"Resource","azurerm_cognitive_account_connection_entra_id","Microsoft.CognitiveServices","2026-03-01","GeneratedAPISection","website/docs/r/cognitive_account_connection_entra_id.html.markdown"
"Resource","azurerm_cognitive_account_customer_managed_key","Microsoft.CognitiveServices","2026-03-01","GeneratedAPISection","website/docs/r/cognitive_account_customer_managed_key.html.markdown"
"Resource","azurerm_cognitive_account_project","Microsoft.CognitiveServices","2026-03-01","GeneratedAPISection","website/docs/r/cognitive_account_project.html.markdown"
"Resource","azurerm_cognitive_account_rai_blocklist","Microsoft.CognitiveServices","2026-03-01","GeneratedAPISection","website/docs/r/cognitive_account_rai_blocklist.html.markdown"
"Resource","azurerm_cognitive_account_rai_policy","Microsoft.CognitiveServices","2026-03-01","GeneratedAPISection","website/docs/r/cognitive_account_rai_policy.html.markdown"
"Resource","azurerm_cognitive_deployment","Microsoft.CognitiveServices","2026-03-01","GeneratedAPISection","website/docs/r/cognitive_deployment.html.markdown"
"Resource","azurerm_communication_service","Microsoft.Communication","2023-03-31","GeneratedAPISection","website/docs/r/communication_service.html.markdown"
"Resource","azurerm_communication_service_email_domain_association","Microsoft.Communication","2023-03-31","GeneratedAPISection","website/docs/r/communication_service_email_domain_association.html.markdown"
"Resource","azurerm_confidential_ledger","Microsoft.ConfidentialLedger","2022-05-13","GeneratedAPISection","website/docs/r/confidential_ledger.html.markdown"
"Resource","azurerm_consumption_budget_management_group","Microsoft.Consumption","2019-10-01","GeneratedAPISection","website/docs/r/consumption_budget_management_group.html.markdown"
"Resource","azurerm_consumption_budget_resource_group","Microsoft.Consumption","2019-10-01","GeneratedAPISection","website/docs/r/consumption_budget_resource_group.html.markdown"
"Resource","azurerm_consumption_budget_subscription","Microsoft.Consumption","2019-10-01","GeneratedAPISection","website/docs/r/consumption_budget_subscription.html.markdown"
"Resource","azurerm_container_app","Microsoft.App","2025-07-01","GeneratedAPISection","website/docs/r/container_app.html.markdown"
"Resource","azurerm_container_app_custom_domain","Microsoft.App","2025-07-01","GeneratedAPISection","website/docs/r/container_app_custom_domain.html.markdown"
"Resource","azurerm_container_app_environment","Microsoft.App","2025-07-01","GeneratedAPISection","website/docs/r/container_app_environment.html.markdown"
"Resource","azurerm_container_app_environment","Microsoft.OperationalInsights","2020-08-01","GeneratedAPISection","website/docs/r/container_app_environment.html.markdown"
"Resource","azurerm_container_app_environment_certificate","Microsoft.App","2025-07-01","GeneratedAPISection","website/docs/r/container_app_environment_certificate.html.markdown"
"Resource","azurerm_container_app_environment_custom_domain","Microsoft.App","2025-07-01","GeneratedAPISection","website/docs/r/container_app_environment_custom_domain.html.markdown"
"Resource","azurerm_container_app_environment_custom_domain","Microsoft.OperationalInsights","2020-08-01","GeneratedAPISection","website/docs/r/container_app_environment_custom_domain.html.markdown"
"Resource","azurerm_container_app_environment_dapr_component","Microsoft.App","2025-07-01","GeneratedAPISection","website/docs/r/container_app_environment_dapr_component.html.markdown"
"Resource","azurerm_container_app_environment_managed_certificate","Microsoft.App","2025-07-01","GeneratedAPISection","website/docs/r/container_app_environment_managed_certificate.html.markdown"
"Resource","azurerm_container_app_environment_storage","Microsoft.App","2025-07-01","GeneratedAPISection","website/docs/r/container_app_environment_storage.html.markdown"
"Resource","azurerm_container_app_job","Microsoft.App","2025-07-01","GeneratedAPISection","website/docs/r/container_app_job.html.markdown"
"Resource","azurerm_container_connected_registry","Microsoft.ContainerRegistry","2025-11-01","GeneratedAPISection","website/docs/r/container_connected_registry.html.markdown"
"Resource","azurerm_container_group","Microsoft.ContainerInstance","2025-09-01","GeneratedAPISection","website/docs/r/container_group.html.markdown"
"Resource","azurerm_container_registry","Microsoft.ContainerRegistry","2025-11-01","GeneratedAPISection","website/docs/r/container_registry.html.markdown"
"Resource","azurerm_container_registry_agent_pool","Microsoft.ContainerRegistry","2019-06-01-preview","GeneratedAPISection","website/docs/r/container_registry_agent_pool.html.markdown"
"Resource","azurerm_container_registry_cache_rule","Microsoft.ContainerRegistry","2023-07-01","GeneratedAPISection","website/docs/r/container_registry_cache_rule.html.markdown"
"Resource","azurerm_container_registry_credential_set","Microsoft.ContainerRegistry","2023-07-01","GeneratedAPISection","website/docs/r/container_registry_credential_set.html.markdown"
"Resource","azurerm_container_registry_scope_map","Microsoft.ContainerRegistry","2025-11-01","GeneratedAPISection","website/docs/r/container_registry_scope_map.html.markdown"
"Resource","azurerm_container_registry_task","Microsoft.ContainerRegistry","2025-11-01, 2019-06-01-preview","GeneratedAPISection","website/docs/r/container_registry_task.html.markdown"
"Resource","azurerm_container_registry_task_schedule_run_now","Microsoft.ContainerRegistry","2019-06-01-preview","GeneratedAPISection","website/docs/r/container_registry_task_schedule_run_now.html.markdown"
"Resource","azurerm_container_registry_token","Microsoft.ContainerRegistry","2025-11-01","GeneratedAPISection","website/docs/r/container_registry_token.html.markdown"
"Resource","azurerm_container_registry_token_password","Microsoft.ContainerRegistry","2025-11-01","GeneratedAPISection","website/docs/r/container_registry_token_password.html.markdown"
"Resource","azurerm_container_registry_webhook","Microsoft.ContainerRegistry","2025-11-01","GeneratedAPISection","website/docs/r/container_registry_webhook.html.markdown"
"Resource","azurerm_cosmosdb_account","Microsoft.DocumentDB","2024-08-15","GeneratedAPISection","website/docs/r/cosmosdb_account.html.markdown"
"Resource","azurerm_cosmosdb_cassandra_cluster","Microsoft.DocumentDB","2023-04-15","GeneratedAPISection","website/docs/r/cosmosdb_cassandra_cluster.html.markdown"
"Resource","azurerm_cosmosdb_cassandra_datacenter","Microsoft.DocumentDB","2023-04-15","GeneratedAPISection","website/docs/r/cosmosdb_cassandra_datacenter.html.markdown"
"Resource","azurerm_cosmosdb_cassandra_keyspace","Microsoft.DocumentDB","2024-08-15","GeneratedAPISection","website/docs/r/cosmosdb_cassandra_keyspace.html.markdown"
"Resource","azurerm_cosmosdb_cassandra_table","Microsoft.DocumentDB","2024-08-15","GeneratedAPISection","website/docs/r/cosmosdb_cassandra_table.html.markdown"
"Resource","azurerm_cosmosdb_gremlin_database","Microsoft.DocumentDB","2024-08-15","GeneratedAPISection","website/docs/r/cosmosdb_gremlin_database.html.markdown"
"Resource","azurerm_cosmosdb_gremlin_graph","Microsoft.DocumentDB","2024-08-15","GeneratedAPISection","website/docs/r/cosmosdb_gremlin_graph.html.markdown"
"Resource","azurerm_cosmosdb_mongo_collection","Microsoft.DocumentDB","2024-08-15","GeneratedAPISection","website/docs/r/cosmosdb_mongo_collection.html.markdown"
"Resource","azurerm_cosmosdb_mongo_database","Microsoft.DocumentDB","2024-08-15","GeneratedAPISection","website/docs/r/cosmosdb_mongo_database.html.markdown"
"Resource","azurerm_cosmosdb_mongo_role_definition","Microsoft.DocumentDB","2025-10-15","GeneratedAPISection","website/docs/r/cosmosdb_mongo_role_definition.html.markdown"
"Resource","azurerm_cosmosdb_mongo_user_definition","Microsoft.DocumentDB","2025-10-15","GeneratedAPISection","website/docs/r/cosmosdb_mongo_user_definition.html.markdown"
"Resource","azurerm_cosmosdb_postgresql_cluster","Microsoft.DBforPostgreSQL","2022-11-08","GeneratedAPISection","website/docs/r/cosmosdb_postgresql_cluster.html.markdown"
"Resource","azurerm_cosmosdb_postgresql_coordinator_configuration","Microsoft.DBforPostgreSQL","2022-11-08","GeneratedAPISection","website/docs/r/cosmosdb_postgresql_coordinator_configuration.html.markdown"
"Resource","azurerm_cosmosdb_postgresql_firewall_rule","Microsoft.DBforPostgreSQL","2022-11-08","GeneratedAPISection","website/docs/r/cosmosdb_postgresql_firewall_rule.html.markdown"
"Resource","azurerm_cosmosdb_postgresql_node_configuration","Microsoft.DBforPostgreSQL","2022-11-08","GeneratedAPISection","website/docs/r/cosmosdb_postgresql_node_configuration.html.markdown"
"Resource","azurerm_cosmosdb_postgresql_role","Microsoft.DBforPostgreSQL","2022-11-08","GeneratedAPISection","website/docs/r/cosmosdb_postgresql_role.html.markdown"
"Resource","azurerm_cosmosdb_sql_container","Microsoft.DocumentDB","2024-08-15","GeneratedAPISection","website/docs/r/cosmosdb_sql_container.html.markdown"
"Resource","azurerm_cosmosdb_sql_database","Microsoft.DocumentDB","2024-08-15","GeneratedAPISection","website/docs/r/cosmosdb_sql_database.html.markdown"
"Resource","azurerm_cosmosdb_sql_dedicated_gateway","Microsoft.DocumentDB","2022-05-15","GeneratedAPISection","website/docs/r/cosmosdb_sql_dedicated_gateway.html.markdown"
"Resource","azurerm_cosmosdb_sql_function","Microsoft.DocumentDB","2024-08-15","GeneratedAPISection","website/docs/r/cosmosdb_sql_function.html.markdown"
"Resource","azurerm_cosmosdb_sql_role_assignment","Microsoft.DocumentDB","2024-08-15","GeneratedAPISection","website/docs/r/cosmosdb_sql_role_assignment.html.markdown"
"Resource","azurerm_cosmosdb_sql_role_definition","Microsoft.DocumentDB","2024-08-15","GeneratedAPISection","website/docs/r/cosmosdb_sql_role_definition.html.markdown"
"Resource","azurerm_cosmosdb_sql_stored_procedure","Microsoft.DocumentDB","2024-08-15","GeneratedAPISection","website/docs/r/cosmosdb_sql_stored_procedure.html.markdown"
"Resource","azurerm_cosmosdb_sql_trigger","Microsoft.DocumentDB","2024-08-15","GeneratedAPISection","website/docs/r/cosmosdb_sql_trigger.html.markdown"
"Resource","azurerm_cosmosdb_table","Microsoft.DocumentDB","2024-08-15","GeneratedAPISection","website/docs/r/cosmosdb_table.html.markdown"
"Resource","azurerm_cost_anomaly_alert","Microsoft.CostManagement","2023-08-01","GeneratedAPISection","website/docs/r/cost_anomaly_alert.html.markdown"
"Resource","azurerm_cost_management_scheduled_action","Microsoft.CostManagement","2023-08-01","GeneratedAPISection","website/docs/r/cost_management_scheduled_action.html.markdown"
"Resource","azurerm_custom_ip_prefix","Microsoft.Network","","ARMImportID","website/docs/r/custom_ip_prefix.html.markdown"
"Resource","azurerm_custom_provider","Microsoft.CustomProviders","2018-09-01-preview","GeneratedAPISection","website/docs/r/custom_provider.html.markdown"
"Resource","azurerm_dashboard_grafana","Microsoft.Dashboard","2025-08-01","GeneratedAPISection","website/docs/r/dashboard_grafana.html.markdown"
"Resource","azurerm_dashboard_grafana_managed_private_endpoint","Microsoft.Dashboard","2025-08-01","GeneratedAPISection","website/docs/r/dashboard_grafana_managed_private_endpoint.html.markdown"
"Resource","azurerm_data_factory","Microsoft.DataFactory","2018-06-01","GeneratedAPISection","website/docs/r/data_factory.html.markdown"
"Resource","azurerm_data_factory_credential_service_principal","Microsoft.DataFactory","2018-06-01","GeneratedAPISection","website/docs/r/data_factory_credential_service_principal.html.markdown"
"Resource","azurerm_data_factory_credential_user_managed_identity","Microsoft.DataFactory","2018-06-01","GeneratedAPISection","website/docs/r/data_factory_credential_user_managed_identity.html.markdown"
"Resource","azurerm_data_factory_custom_dataset","Microsoft.DataFactory","","ARMImportID","website/docs/r/data_factory_custom_dataset.html.markdown"
"Resource","azurerm_data_factory_customer_managed_key","Microsoft.DataFactory","2018-06-01","GeneratedAPISection","website/docs/r/data_factory_customer_managed_key.html.markdown"
"Resource","azurerm_data_factory_data_flow","Microsoft.DataFactory","2018-06-01","GeneratedAPISection","website/docs/r/data_factory_data_flow.html.markdown"
"Resource","azurerm_data_factory_dataset_azure_blob","Microsoft.DataFactory","","ARMImportID","website/docs/r/data_factory_dataset_azure_blob.html.markdown"
"Resource","azurerm_data_factory_dataset_azure_sql_table","Microsoft.DataFactory","","ARMImportID","website/docs/r/data_factory_dataset_azure_sql_table.html.markdown"
"Resource","azurerm_data_factory_dataset_binary","Microsoft.DataFactory","","ARMImportID","website/docs/r/data_factory_dataset_binary.html.markdown"
"Resource","azurerm_data_factory_dataset_cosmosdb_sqlapi","Microsoft.DataFactory","","ARMImportID","website/docs/r/data_factory_dataset_cosmosdb_sqlapi.html.markdown"
"Resource","azurerm_data_factory_dataset_delimited_text","Microsoft.DataFactory","","ARMImportID","website/docs/r/data_factory_dataset_delimited_text.html.markdown"
"Resource","azurerm_data_factory_dataset_http","Microsoft.DataFactory","","ARMImportID","website/docs/r/data_factory_dataset_http.html.markdown"
"Resource","azurerm_data_factory_dataset_json","Microsoft.DataFactory","","ARMImportID","website/docs/r/data_factory_dataset_json.html.markdown"
"Resource","azurerm_data_factory_dataset_mysql","Microsoft.DataFactory","","ARMImportID","website/docs/r/data_factory_dataset_mysql.html.markdown"
"Resource","azurerm_data_factory_dataset_parquet","Microsoft.DataFactory","","ARMImportID","website/docs/r/data_factory_dataset_parquet.html.markdown"
"Resource","azurerm_data_factory_dataset_postgresql","Microsoft.DataFactory","","ARMImportID","website/docs/r/data_factory_dataset_postgresql.html.markdown"
"Resource","azurerm_data_factory_dataset_snowflake","Microsoft.DataFactory","","ARMImportID","website/docs/r/data_factory_dataset_snowflake.html.markdown"
"Resource","azurerm_data_factory_dataset_sql_server_table","Microsoft.DataFactory","","ARMImportID","website/docs/r/data_factory_dataset_sql_server_table.html.markdown"
"Resource","azurerm_data_factory_flowlet_data_flow","Microsoft.DataFactory","2018-06-01","GeneratedAPISection","website/docs/r/data_factory_flowlet_data_flow.html.markdown"
"Resource","azurerm_data_factory_integration_runtime_azure","Microsoft.DataFactory","2018-06-01","GeneratedAPISection","website/docs/r/data_factory_integration_runtime_azure.html.markdown"
"Resource","azurerm_data_factory_integration_runtime_azure_ssis","Microsoft.DataFactory","2018-06-01","GeneratedAPISection","website/docs/r/data_factory_integration_runtime_azure_ssis.html.markdown"
"Resource","azurerm_data_factory_integration_runtime_self_hosted","Microsoft.DataFactory","2018-06-01","GeneratedAPISection","website/docs/r/data_factory_integration_runtime_self_hosted.html.markdown"
"Resource","azurerm_data_factory_linked_custom_service","Microsoft.DataFactory","","ARMImportID","website/docs/r/data_factory_linked_custom_service.html.markdown"
"Resource","azurerm_data_factory_linked_service_azure_blob_storage","Microsoft.DataFactory","","ARMImportID","website/docs/r/data_factory_linked_service_azure_blob_storage.html.markdown"
"Resource","azurerm_data_factory_linked_service_azure_databricks","Microsoft.DataFactory","","ARMImportID","website/docs/r/data_factory_linked_service_azure_databricks.html.markdown"
"Resource","azurerm_data_factory_linked_service_azure_file_storage","Microsoft.DataFactory","","ARMImportID","website/docs/r/data_factory_linked_service_azure_file_storage.html.markdown"
"Resource","azurerm_data_factory_linked_service_azure_function","Microsoft.DataFactory","","ARMImportID","website/docs/r/data_factory_linked_service_azure_function.html.markdown"
"Resource","azurerm_data_factory_linked_service_azure_search","Microsoft.DataFactory","","ARMImportID","website/docs/r/data_factory_linked_service_azure_search.html.markdown"
"Resource","azurerm_data_factory_linked_service_azure_sql_database","Microsoft.DataFactory","","ARMImportID","website/docs/r/data_factory_linked_service_azure_sql_database.html.markdown"
"Resource","azurerm_data_factory_linked_service_azure_table_storage","Microsoft.DataFactory","","ARMImportID","website/docs/r/data_factory_linked_service_azure_table_storage.html.markdown"
"Resource","azurerm_data_factory_linked_service_cosmosdb","Microsoft.DataFactory","","ARMImportID","website/docs/r/data_factory_linked_service_cosmosdb.html.markdown"
"Resource","azurerm_data_factory_linked_service_cosmosdb_mongoapi","Microsoft.DataFactory","","ARMImportID","website/docs/r/data_factory_linked_service_cosmosdb_mongoapi.html.markdown"
"Resource","azurerm_data_factory_linked_service_data_lake_storage_gen2","Microsoft.DataFactory","","ARMImportID","website/docs/r/data_factory_linked_service_data_lake_storage_gen2.html.markdown"
"Resource","azurerm_data_factory_linked_service_key_vault","Microsoft.DataFactory","","ARMImportID","website/docs/r/data_factory_linked_service_key_vault.html.markdown"
"Resource","azurerm_data_factory_linked_service_kusto","Microsoft.DataFactory","","ARMImportID","website/docs/r/data_factory_linked_service_kusto.html.markdown"
"Resource","azurerm_data_factory_linked_service_mysql","Microsoft.DataFactory","","ARMImportID","website/docs/r/data_factory_linked_service_mysql.html.markdown"
"Resource","azurerm_data_factory_linked_service_odata","Microsoft.DataFactory","","ARMImportID","website/docs/r/data_factory_linked_service_odata.html.markdown"
"Resource","azurerm_data_factory_linked_service_odbc","Microsoft.DataFactory","","ARMImportID","website/docs/r/data_factory_linked_service_odbc.html.markdown"
"Resource","azurerm_data_factory_linked_service_postgresql","Microsoft.DataFactory","","ARMImportID","website/docs/r/data_factory_linked_service_postgresql.html.markdown"
"Resource","azurerm_data_factory_linked_service_sftp","Microsoft.DataFactory","","ARMImportID","website/docs/r/data_factory_linked_service_sftp.html.markdown"
"Resource","azurerm_data_factory_linked_service_snowflake","Microsoft.DataFactory","","ARMImportID","website/docs/r/data_factory_linked_service_snowflake.html.markdown"
"Resource","azurerm_data_factory_linked_service_sql_managed_instance","Microsoft.DataFactory","2018-06-01","GeneratedAPISection","website/docs/r/data_factory_linked_service_sql_managed_instance.html.markdown"
"Resource","azurerm_data_factory_linked_service_sql_server","Microsoft.DataFactory","","ARMImportID","website/docs/r/data_factory_linked_service_sql_server.html.markdown"
"Resource","azurerm_data_factory_linked_service_synapse","Microsoft.DataFactory","","ARMImportID","website/docs/r/data_factory_linked_service_synapse.html.markdown"
"Resource","azurerm_data_factory_linked_service_web","Microsoft.DataFactory","","ARMImportID","website/docs/r/data_factory_linked_service_web.html.markdown"
"Resource","azurerm_data_factory_managed_private_endpoint","Microsoft.DataFactory","2018-06-01","GeneratedAPISection","website/docs/r/data_factory_managed_private_endpoint.html.markdown"
"Resource","azurerm_data_factory_pipeline","Microsoft.DataFactory","2018-06-01","GeneratedAPISection","website/docs/r/data_factory_pipeline.html.markdown"
"Resource","azurerm_data_factory_trigger_blob_event","Microsoft.DataFactory","","ARMImportID","website/docs/r/data_factory_trigger_blob_event.html.markdown"
"Resource","azurerm_data_factory_trigger_custom_event","Microsoft.DataFactory","","ARMImportID","website/docs/r/data_factory_trigger_custom_event.html.markdown"
"Resource","azurerm_data_factory_trigger_schedule","Microsoft.DataFactory","","ARMImportID","website/docs/r/data_factory_trigger_schedule.html.markdown"
"Resource","azurerm_data_factory_trigger_tumbling_window","Microsoft.DataFactory","","ARMImportID","website/docs/r/data_factory_trigger_tumbling_window.html.markdown"
"Resource","azurerm_data_protection_backup_instance_blob_storage","Microsoft.DataProtection","2025-07-01","GeneratedAPISection","website/docs/r/data_protection_backup_instance_blob_storage.html.markdown"
"Resource","azurerm_data_protection_backup_instance_data_lake_storage","Microsoft.DataProtection","2025-07-01","GeneratedAPISection","website/docs/r/data_protection_backup_instance_data_lake_storage.html.markdown"
"Resource","azurerm_data_protection_backup_instance_disk","Microsoft.DataProtection","2025-07-01","GeneratedAPISection","website/docs/r/data_protection_backup_instance_disk.html.markdown"
"Resource","azurerm_data_protection_backup_instance_kubernetes_cluster","Microsoft.DataProtection","2025-07-01","GeneratedAPISection","website/docs/r/data_protection_backup_instance_kubernetes_cluster.html.markdown"
"Resource","azurerm_data_protection_backup_instance_mysql_flexible_server","Microsoft.DataProtection","2025-07-01","GeneratedAPISection","website/docs/r/data_protection_backup_instance_mysql_flexible_server.html.markdown"
"Resource","azurerm_data_protection_backup_instance_postgresql_flexible_server","Microsoft.DataProtection","2025-07-01","GeneratedAPISection","website/docs/r/data_protection_backup_instance_postgresql_flexible_server.html.markdown"
"Resource","azurerm_data_protection_backup_policy_blob_storage","Microsoft.DataProtection","2025-07-01","GeneratedAPISection","website/docs/r/data_protection_backup_policy_blob_storage.html.markdown"
"Resource","azurerm_data_protection_backup_policy_data_lake_storage","Microsoft.DataProtection","2025-07-01","GeneratedAPISection","website/docs/r/data_protection_backup_policy_data_lake_storage.html.markdown"
"Resource","azurerm_data_protection_backup_policy_disk","Microsoft.DataProtection","2025-07-01","GeneratedAPISection","website/docs/r/data_protection_backup_policy_disk.html.markdown"
"Resource","azurerm_data_protection_backup_policy_kubernetes_cluster","Microsoft.DataProtection","2025-07-01","GeneratedAPISection","website/docs/r/data_protection_backup_policy_kubernetes_cluster.html.markdown"
"Resource","azurerm_data_protection_backup_policy_mysql_flexible_server","Microsoft.DataProtection","2025-07-01","GeneratedAPISection","website/docs/r/data_protection_backup_policy_mysql_flexible_server.html.markdown"
"Resource","azurerm_data_protection_backup_policy_postgresql_flexible_server","Microsoft.DataProtection","2025-07-01","GeneratedAPISection","website/docs/r/data_protection_backup_policy_postgresql_flexible_server.html.markdown"
"Resource","azurerm_data_protection_backup_vault","Microsoft.DataProtection","2025-07-01","GeneratedAPISection","website/docs/r/data_protection_backup_vault.html.markdown"
"Resource","azurerm_data_protection_backup_vault_customer_managed_key","Microsoft.DataProtection","2025-07-01","GeneratedAPISection","website/docs/r/data_protection_backup_vault_customer_managed_key.html.markdown"
"Resource","azurerm_data_protection_resource_guard","Microsoft.DataProtection","2025-07-01","GeneratedAPISection","website/docs/r/data_protection_resource_guard.html.markdown"
"Resource","azurerm_data_share","Microsoft.DataShare","2019-11-01","GeneratedAPISection","website/docs/r/data_share.html.markdown"
"Resource","azurerm_data_share_account","Microsoft.DataShare","2019-11-01","GeneratedAPISection","website/docs/r/data_share_account.html.markdown"
"Resource","azurerm_data_share_dataset_blob_storage","Microsoft.DataShare","2019-11-01","GeneratedAPISection","website/docs/r/data_share_dataset_blob_storage.html.markdown"
"Resource","azurerm_data_share_dataset_data_lake_gen2","Microsoft.DataShare","2019-11-01","GeneratedAPISection","website/docs/r/data_share_dataset_data_lake_gen2.html.markdown"
"Resource","azurerm_data_share_dataset_kusto_cluster","Microsoft.DataShare","2019-11-01","GeneratedAPISection","website/docs/r/data_share_dataset_kusto_cluster.html.markdown"
"Resource","azurerm_data_share_dataset_kusto_database","Microsoft.DataShare","2019-11-01","GeneratedAPISection","website/docs/r/data_share_dataset_kusto_database.html.markdown"
"Resource","azurerm_database_migration_project","Microsoft.DataMigration","2021-06-30","GeneratedAPISection","website/docs/r/database_migration_project.html.markdown"
"Resource","azurerm_database_migration_service","Microsoft.DataMigration","2021-06-30","GeneratedAPISection","website/docs/r/database_migration_service.html.markdown"
"Resource","azurerm_databox_edge_device","Microsoft.DataBoxEdge","2022-03-01","GeneratedAPISection","website/docs/r/databox_edge_device.html.markdown"
"Resource","azurerm_databricks_access_connector","Microsoft.Databricks","2026-01-01","GeneratedAPISection","website/docs/r/databricks_access_connector.html.markdown"
"Resource","azurerm_databricks_virtual_network_peering","Microsoft.Databricks","2026-01-01","GeneratedAPISection","website/docs/r/databricks_virtual_network_peering.html.markdown"
"Resource","azurerm_databricks_workspace","Microsoft.Databricks","2026-01-01","GeneratedAPISection","website/docs/r/databricks_workspace.html.markdown"
"Resource","azurerm_databricks_workspace","Microsoft.Network","2025-01-01","GeneratedAPISection","website/docs/r/databricks_workspace.html.markdown"
"Resource","azurerm_databricks_workspace_root_dbfs_customer_managed_key","Microsoft.Databricks","2026-01-01","GeneratedAPISection","website/docs/r/databricks_workspace_root_dbfs_customer_managed_key.html.markdown"
"Resource","azurerm_datadog_monitor","Microsoft.Datadog","2021-03-01","GeneratedAPISection","website/docs/r/datadog_monitor.html.markdown"
"Resource","azurerm_datadog_monitor_sso_configuration","Microsoft.Datadog","2021-03-01","GeneratedAPISection","website/docs/r/datadog_monitor_sso_configuration.html.markdown"
"Resource","azurerm_datadog_monitor_tag_rule","Microsoft.Datadog","2021-03-01","GeneratedAPISection","website/docs/r/datadog_monitor_tag_rule.html.markdown"
"Resource","azurerm_dedicated_hardware_security_module","Microsoft.HardwareSecurityModules","2021-11-30","GeneratedAPISection","website/docs/r/dedicated_hardware_security_module.html.markdown"
"Resource","azurerm_dedicated_host","Microsoft.Compute","2024-03-01","GeneratedAPISection","website/docs/r/dedicated_host.html.markdown"
"Resource","azurerm_dedicated_host_group","Microsoft.Compute","2024-03-01","GeneratedAPISection","website/docs/r/dedicated_host_group.html.markdown"
"Resource","azurerm_dev_center","Microsoft.DevCenter","2025-02-01","GeneratedAPISection","website/docs/r/dev_center.html.markdown"
"Resource","azurerm_dev_center_attached_network","Microsoft.DevCenter","2025-02-01","GeneratedAPISection","website/docs/r/dev_center_attached_network.html.markdown"
"Resource","azurerm_dev_center_catalog","Microsoft.DevCenter","2025-02-01","GeneratedAPISection","website/docs/r/dev_center_catalog.html.markdown"
"Resource","azurerm_dev_center_dev_box_definition","Microsoft.DevCenter","2025-02-01","GeneratedAPISection","website/docs/r/dev_center_dev_box_definition.html.markdown"
"Resource","azurerm_dev_center_environment_type","Microsoft.DevCenter","2025-02-01","GeneratedAPISection","website/docs/r/dev_center_environment_type.html.markdown"
"Resource","azurerm_dev_center_gallery","Microsoft.DevCenter","2025-02-01","GeneratedAPISection","website/docs/r/dev_center_gallery.html.markdown"
"Resource","azurerm_dev_center_network_connection","Microsoft.DevCenter","2025-02-01","GeneratedAPISection","website/docs/r/dev_center_network_connection.html.markdown"
"Resource","azurerm_dev_center_project","Microsoft.DevCenter","2025-02-01","GeneratedAPISection","website/docs/r/dev_center_project.html.markdown"
"Resource","azurerm_dev_center_project_environment_type","Microsoft.DevCenter","2025-02-01","GeneratedAPISection","website/docs/r/dev_center_project_environment_type.html.markdown"
"Resource","azurerm_dev_center_project_pool","Microsoft.DevCenter","2025-02-01","GeneratedAPISection","website/docs/r/dev_center_project_pool.html.markdown"
"Resource","azurerm_dev_test_global_vm_shutdown_schedule","Microsoft.DevTestLab","2018-09-15","GeneratedAPISection","website/docs/r/dev_test_global_vm_shutdown_schedule.html.markdown"
"Resource","azurerm_dev_test_lab","Microsoft.DevTestLab","2018-09-15","GeneratedAPISection","website/docs/r/dev_test_lab.html.markdown"
"Resource","azurerm_dev_test_linux_virtual_machine","Microsoft.DevTestLab","2018-09-15","GeneratedAPISection","website/docs/r/dev_test_linux_virtual_machine.html.markdown"
"Resource","azurerm_dev_test_policy","Microsoft.DevTestLab","2018-09-15","GeneratedAPISection","website/docs/r/dev_test_policy.html.markdown"
"Resource","azurerm_dev_test_schedule","Microsoft.DevTestLab","2018-09-15","GeneratedAPISection","website/docs/r/dev_test_schedule.html.markdown"
"Resource","azurerm_dev_test_virtual_network","Microsoft.DevTestLab","2018-09-15","GeneratedAPISection","website/docs/r/dev_test_virtual_network.html.markdown"
"Resource","azurerm_dev_test_windows_virtual_machine","Microsoft.DevTestLab","2018-09-15","GeneratedAPISection","website/docs/r/dev_test_windows_virtual_machine.html.markdown"
"Resource","azurerm_digital_twins_endpoint_eventgrid","Microsoft.DigitalTwins","2023-01-31","GeneratedAPISection","website/docs/r/digital_twins_endpoint_eventgrid.html.markdown"
"Resource","azurerm_digital_twins_endpoint_eventhub","Microsoft.DigitalTwins","2023-01-31","GeneratedAPISection","website/docs/r/digital_twins_endpoint_eventhub.html.markdown"
"Resource","azurerm_digital_twins_endpoint_servicebus","Microsoft.DigitalTwins","2023-01-31","GeneratedAPISection","website/docs/r/digital_twins_endpoint_servicebus.html.markdown"
"Resource","azurerm_digital_twins_instance","Microsoft.DigitalTwins","2023-01-31","GeneratedAPISection","website/docs/r/digital_twins_instance.html.markdown"
"Resource","azurerm_digital_twins_time_series_database_connection","Microsoft.DigitalTwins","2023-01-31","GeneratedAPISection","website/docs/r/digital_twins_time_series_database_connection.html.markdown"
"Resource","azurerm_disk_access","Microsoft.Compute","2022-03-02","GeneratedAPISection","website/docs/r/disk_access.html.markdown"
"Resource","azurerm_disk_encryption_set","Microsoft.Compute","2022-03-02","GeneratedAPISection","website/docs/r/disk_encryption_set.html.markdown"
"Resource","azurerm_dns_a_record","Microsoft.Network","2018-05-01","GeneratedAPISection","website/docs/r/dns_a_record.html.markdown"
"Resource","azurerm_dns_aaaa_record","Microsoft.Network","2018-05-01","GeneratedAPISection","website/docs/r/dns_aaaa_record.html.markdown"
"Resource","azurerm_dns_caa_record","Microsoft.Network","2018-05-01","GeneratedAPISection","website/docs/r/dns_caa_record.html.markdown"
"Resource","azurerm_dns_cname_record","Microsoft.Network","2018-05-01","GeneratedAPISection","website/docs/r/dns_cname_record.html.markdown"
"Resource","azurerm_dns_mx_record","Microsoft.Network","2018-05-01","GeneratedAPISection","website/docs/r/dns_mx_record.html.markdown"
"Resource","azurerm_dns_ns_record","Microsoft.Network","2018-05-01","GeneratedAPISection","website/docs/r/dns_ns_record.html.markdown"
"Resource","azurerm_dns_ptr_record","Microsoft.Network","2018-05-01","GeneratedAPISection","website/docs/r/dns_ptr_record.html.markdown"
"Resource","azurerm_dns_srv_record","Microsoft.Network","2018-05-01","GeneratedAPISection","website/docs/r/dns_srv_record.html.markdown"
"Resource","azurerm_dns_txt_record","Microsoft.Network","2018-05-01","GeneratedAPISection","website/docs/r/dns_txt_record.html.markdown"
"Resource","azurerm_dns_zone","Microsoft.Network","2018-05-01","GeneratedAPISection","website/docs/r/dns_zone.html.markdown"
"Resource","azurerm_dynatrace_monitor","Dynatrace.Observability","2023-04-27","GeneratedAPISection","website/docs/r/dynatrace_monitor.html.markdown"
"Resource","azurerm_dynatrace_tag_rules","Dynatrace.Observability","2023-04-27","GeneratedAPISection","website/docs/r/dynatrace_tag_rules.html.markdown"
"Resource","azurerm_elastic_cloud_elasticsearch","Microsoft.Elastic","2023-06-01","GeneratedAPISection","website/docs/r/elastic_cloud_elasticsearch.html.markdown"
"Resource","azurerm_elastic_san","Microsoft.ElasticSan","2023-01-01","GeneratedAPISection","website/docs/r/elastic_san.html.markdown"
"Resource","azurerm_elastic_san_volume","Microsoft.ElasticSan","2023-01-01","GeneratedAPISection","website/docs/r/elastic_san_volume.html.markdown"
"Resource","azurerm_elastic_san_volume_group","Microsoft.ElasticSan","2023-01-01","GeneratedAPISection","website/docs/r/elastic_san_volume_group.html.markdown"
"Resource","azurerm_email_communication_service","Microsoft.Communication","2023-03-31","GeneratedAPISection","website/docs/r/email_communication_service.html.markdown"
"Resource","azurerm_email_communication_service_domain","Microsoft.Communication","2023-03-31","GeneratedAPISection","website/docs/r/email_communication_service_domain.html.markdown"
"Resource","azurerm_email_communication_service_domain_sender_username","Microsoft.Communication","2023-03-31","GeneratedAPISection","website/docs/r/email_communication_service_domain_sender_username.html.markdown"
"Resource","azurerm_eventgrid_domain","Microsoft.EventGrid","2025-02-15","GeneratedAPISection","website/docs/r/eventgrid_domain.html.markdown"
"Resource","azurerm_eventgrid_domain_topic","Microsoft.EventGrid","2025-02-15","GeneratedAPISection","website/docs/r/eventgrid_domain_topic.html.markdown"
"Resource","azurerm_eventgrid_event_subscription","Microsoft.EventGrid","2025-02-15","GeneratedAPISection","website/docs/r/eventgrid_event_subscription.html.markdown"
"Resource","azurerm_eventgrid_namespace","Microsoft.EventGrid","2023-12-15-preview","GeneratedAPISection","website/docs/r/eventgrid_namespace.html.markdown"
"Resource","azurerm_eventgrid_namespace_topic","Microsoft.EventGrid","2025-02-15","GeneratedAPISection","website/docs/r/eventgrid_namespace_topic.html.markdown"
"Resource","azurerm_eventgrid_partner_configuration","Microsoft.EventGrid","2025-02-15","GeneratedAPISection","website/docs/r/eventgrid_partner_configuration.html.markdown"
"Resource","azurerm_eventgrid_partner_namespace","Microsoft.EventGrid","2025-02-15","GeneratedAPISection","website/docs/r/eventgrid_partner_namespace.html.markdown"
"Resource","azurerm_eventgrid_partner_registration","Microsoft.EventGrid","2025-02-15","GeneratedAPISection","website/docs/r/eventgrid_partner_registration.html.markdown"
"Resource","azurerm_eventgrid_system_topic","Microsoft.EventGrid","2025-02-15","GeneratedAPISection","website/docs/r/eventgrid_system_topic.html.markdown"
"Resource","azurerm_eventgrid_system_topic_event_subscription","Microsoft.EventGrid","2025-02-15","GeneratedAPISection","website/docs/r/eventgrid_system_topic_event_subscription.html.markdown"
"Resource","azurerm_eventgrid_topic","Microsoft.EventGrid","2025-02-15","GeneratedAPISection","website/docs/r/eventgrid_topic.html.markdown"
"Resource","azurerm_eventhub","Microsoft.EventHub","2024-01-01","GeneratedAPISection","website/docs/r/eventhub.html.markdown"
"Resource","azurerm_eventhub_authorization_rule","Microsoft.EventHub","2024-01-01","GeneratedAPISection","website/docs/r/eventhub_authorization_rule.html.markdown"
"Resource","azurerm_eventhub_cluster","Microsoft.EventHub","2024-01-01","GeneratedAPISection","website/docs/r/eventhub_cluster.html.markdown"
"Resource","azurerm_eventhub_consumer_group","Microsoft.EventHub","2024-01-01","GeneratedAPISection","website/docs/r/eventhub_consumer_group.html.markdown"
"Resource","azurerm_eventhub_namespace","Microsoft.EventHub","2024-01-01","GeneratedAPISection","website/docs/r/eventhub_namespace.html.markdown"
"Resource","azurerm_eventhub_namespace_authorization_rule","Microsoft.EventHub","2024-01-01","GeneratedAPISection","website/docs/r/eventhub_namespace_authorization_rule.html.markdown"
"Resource","azurerm_eventhub_namespace_customer_managed_key","Microsoft.EventHub","2024-01-01","GeneratedAPISection","website/docs/r/eventhub_namespace_customer_managed_key.html.markdown"
"Resource","azurerm_eventhub_namespace_disaster_recovery_config","Microsoft.EventHub","2024-01-01","GeneratedAPISection","website/docs/r/eventhub_namespace_disaster_recovery_config.html.markdown"
"Resource","azurerm_eventhub_namespace_schema_group","Microsoft.EventHub","2024-01-01","GeneratedAPISection","website/docs/r/eventhub_namespace_schema_group.html.markdown"
"Resource","azurerm_express_route_circuit","Microsoft.Network","2025-01-01","GeneratedAPISection","website/docs/r/express_route_circuit.html.markdown"
"Resource","azurerm_express_route_circuit_authorization","Microsoft.Network","2025-01-01","GeneratedAPISection","website/docs/r/express_route_circuit_authorization.html.markdown"
"Resource","azurerm_express_route_circuit_connection","Microsoft.Network","2025-01-01","GeneratedAPISection","website/docs/r/express_route_circuit_connection.html.markdown"
"Resource","azurerm_express_route_circuit_peering","Microsoft.Network","2025-01-01","GeneratedAPISection","website/docs/r/express_route_circuit_peering.html.markdown"
"Resource","azurerm_express_route_connection","Microsoft.Network","2025-01-01","GeneratedAPISection","website/docs/r/express_route_connection.html.markdown"
"Resource","azurerm_express_route_gateway","Microsoft.Network","2025-01-01","GeneratedAPISection","website/docs/r/express_route_gateway.html.markdown"
"Resource","azurerm_express_route_port","Microsoft.Network","2025-01-01","GeneratedAPISection","website/docs/r/express_route_port.html.markdown"
"Resource","azurerm_express_route_port_authorization","Microsoft.Network","2025-01-01","GeneratedAPISection","website/docs/r/express_route_port_authorization.html.markdown"
"Resource","azurerm_extended_location_custom_location","Microsoft.ExtendedLocation","2021-08-15","GeneratedAPISection","website/docs/r/extended_location_custom_location.html.markdown"
"Resource","azurerm_fabric_capacity","Microsoft.Fabric","2023-11-01","GeneratedAPISection","website/docs/r/fabric_capacity.html.markdown"
"Resource","azurerm_federated_identity_credential","Microsoft.ManagedIdentity","2024-11-30","GeneratedAPISection","website/docs/r/federated_identity_credential.html.markdown"
"Resource","azurerm_firewall","Microsoft.Network","2025-01-01","GeneratedAPISection","website/docs/r/firewall.html.markdown"
"Resource","azurerm_firewall_application_rule_collection","Microsoft.Network","2025-01-01","GeneratedAPISection","website/docs/r/firewall_application_rule_collection.html.markdown"
"Resource","azurerm_firewall_nat_rule_collection","Microsoft.Network","2025-01-01","GeneratedAPISection","website/docs/r/firewall_nat_rule_collection.html.markdown"
"Resource","azurerm_firewall_network_rule_collection","Microsoft.Network","2025-01-01","GeneratedAPISection","website/docs/r/firewall_network_rule_collection.html.markdown"
"Resource","azurerm_firewall_policy","Microsoft.Network","2025-01-01","GeneratedAPISection","website/docs/r/firewall_policy.html.markdown"
"Resource","azurerm_firewall_policy_rule_collection_group","Microsoft.Network","2025-01-01","GeneratedAPISection","website/docs/r/firewall_policy_rule_collection_group.html.markdown"
"Resource","azurerm_fluid_relay_server","Microsoft.FluidRelay","2022-05-26","GeneratedAPISection","website/docs/r/fluid_relay_server.html.markdown"
"Resource","azurerm_frontdoor","Microsoft.Network","","ARMImportID","website/docs/r/frontdoor.html.markdown"
"Resource","azurerm_frontdoor_custom_https_configuration","Microsoft.Network","","ARMImportID","website/docs/r/frontdoor_custom_https_configuration.html.markdown"
"Resource","azurerm_frontdoor_firewall_policy","Microsoft.Network","","ARMImportID","website/docs/r/frontdoor_firewall_policy.html.markdown"
"Resource","azurerm_frontdoor_rules_engine","Microsoft.Network","","ARMImportID","website/docs/r/frontdoor_rules_engine.html.markdown"
"Resource","azurerm_function_app_active_slot","Microsoft.Web","2023-12-01","GeneratedAPISection","website/docs/r/function_app_active_slot.html.markdown"
"Resource","azurerm_function_app_connection","Microsoft.ServiceLinker","2024-04-01, 2022-05-01","GeneratedAPISection","website/docs/r/function_app_connection.html.markdown"
"Resource","azurerm_function_app_flex_consumption","Microsoft.Web","2023-12-01, 2023-01-01","GeneratedAPISection","website/docs/r/function_app_flex_consumption.html.markdown"
"Resource","azurerm_function_app_function","Microsoft.Web","2023-12-01","GeneratedAPISection","website/docs/r/function_app_function.html.markdown"
"Resource","azurerm_function_app_hybrid_connection","Microsoft.Relay","2021-11-01","GeneratedAPISection","website/docs/r/function_app_hybrid_connection.html.markdown"
"Resource","azurerm_function_app_hybrid_connection","Microsoft.Web","2023-12-01","GeneratedAPISection","website/docs/r/function_app_hybrid_connection.html.markdown"
"Resource","azurerm_gallery_application","Microsoft.Compute","2022-03-03","GeneratedAPISection","website/docs/r/gallery_application.html.markdown"
"Resource","azurerm_gallery_application_version","Microsoft.Compute","2022-03-03","GeneratedAPISection","website/docs/r/gallery_application_version.html.markdown"
"Resource","azurerm_graph_services_account","Microsoft.GraphServices","2023-04-13","GeneratedAPISection","website/docs/r/graph_services_account.html.markdown"
"Resource","azurerm_hdinsight_hadoop_cluster","Microsoft.HDInsight","2021-06-01","GeneratedAPISection","website/docs/r/hdinsight_hadoop_cluster.html.markdown"
"Resource","azurerm_hdinsight_hbase_cluster","Microsoft.HDInsight","2021-06-01","GeneratedAPISection","website/docs/r/hdinsight_hbase_cluster.html.markdown"
"Resource","azurerm_hdinsight_interactive_query_cluster","Microsoft.HDInsight","2021-06-01","GeneratedAPISection","website/docs/r/hdinsight_interactive_query_cluster.html.markdown"
"Resource","azurerm_hdinsight_kafka_cluster","Microsoft.HDInsight","2021-06-01","GeneratedAPISection","website/docs/r/hdinsight_kafka_cluster.html.markdown"
"Resource","azurerm_hdinsight_spark_cluster","Microsoft.HDInsight","2021-06-01","GeneratedAPISection","website/docs/r/hdinsight_spark_cluster.html.markdown"
"Resource","azurerm_healthbot","Microsoft.HealthBot","2025-05-25","GeneratedAPISection","website/docs/r/healthbot.html.markdown"
"Resource","azurerm_healthcare_dicom_service","Microsoft.HealthcareApis","2024-03-31","GeneratedAPISection","website/docs/r/healthcare_dicom_service.html.markdown"
"Resource","azurerm_healthcare_fhir_service","Microsoft.HealthcareApis","2022-12-01","GeneratedAPISection","website/docs/r/healthcare_fhir_service.html.markdown"
"Resource","azurerm_healthcare_medtech_service","Microsoft.HealthcareApis","2022-12-01","GeneratedAPISection","website/docs/r/healthcare_medtech_service.html.markdown"
"Resource","azurerm_healthcare_medtech_service_fhir_destination","Microsoft.HealthcareApis","2022-12-01","GeneratedAPISection","website/docs/r/healthcare_medtech_service_fhir_destination.html.markdown"
"Resource","azurerm_healthcare_service","Microsoft.HealthcareApis","2022-12-01","GeneratedAPISection","website/docs/r/healthcare_service.html.markdown"
"Resource","azurerm_healthcare_workspace","Microsoft.HealthcareApis","2024-03-31","GeneratedAPISection","website/docs/r/healthcare_workspace.html.markdown"
"Resource","azurerm_image","Microsoft.Compute","2022-03-01","GeneratedAPISection","website/docs/r/image.html.markdown"
"Resource","azurerm_iot_security_device_group","Microsoft.Security","","ARMImportID","website/docs/r/iot_security_device_group.html.markdown"
"Resource","azurerm_iot_security_solution","Microsoft.Security","","ARMImportID","website/docs/r/iot_security_solution.html.markdown"
"Resource","azurerm_iotcentral_application","Microsoft.IoTCentral","2021-11-01-preview","GeneratedAPISection","website/docs/r/iotcentral_application.html.markdown"
"Resource","azurerm_iotcentral_application_network_rule_set","Microsoft.IoTCentral","2021-11-01-preview","GeneratedAPISection","website/docs/r/iotcentral_application_network_rule_set.html.markdown"
"Resource","azurerm_iotcentral_organization","Microsoft.IoTCentral","","ARMImportID","website/docs/r/iotcentral_organization.html.markdown"
"Resource","azurerm_iothub","Microsoft.Devices","","ARMImportID","website/docs/r/iothub.html.markdown"
"Resource","azurerm_iothub_certificate","Microsoft.Devices","","ARMImportID","website/docs/r/iothub_certificate.html.markdown"
"Resource","azurerm_iothub_consumer_group","Microsoft.Devices","","ARMImportID","website/docs/r/iothub_consumer_group.html.markdown"
"Resource","azurerm_iothub_device_update_account","Microsoft.DeviceUpdate","2022-10-01","GeneratedAPISection","website/docs/r/iothub_device_update_account.html.markdown"
"Resource","azurerm_iothub_device_update_instance","Microsoft.DeviceUpdate","2022-10-01","GeneratedAPISection","website/docs/r/iothub_device_update_instance.html.markdown"
"Resource","azurerm_iothub_dps","Microsoft.Devices","2022-02-05","GeneratedAPISection","website/docs/r/iothub_dps.html.markdown"
"Resource","azurerm_iothub_dps_certificate","Microsoft.Devices","2022-02-05","GeneratedAPISection","website/docs/r/iothub_dps_certificate.html.markdown"
"Resource","azurerm_iothub_dps_shared_access_policy","Microsoft.Devices","2022-02-05","GeneratedAPISection","website/docs/r/iothub_dps_shared_access_policy.html.markdown"
"Resource","azurerm_iothub_endpoint_cosmosdb_account","Microsoft.Devices","","ARMImportID","website/docs/r/iothub_endpoint_cosmosdb_account.html.markdown"
"Resource","azurerm_iothub_endpoint_eventhub","Microsoft.Devices","","ARMImportID","website/docs/r/iothub_endpoint_eventhub.html.markdown"
"Resource","azurerm_iothub_endpoint_servicebus_queue","Microsoft.Devices","","ARMImportID","website/docs/r/iothub_endpoint_servicebus_queue.html.markdown"
"Resource","azurerm_iothub_endpoint_servicebus_topic","Microsoft.Devices","","ARMImportID","website/docs/r/iothub_endpoint_servicebus_topic.html.markdown"
"Resource","azurerm_iothub_endpoint_storage_container","Microsoft.Devices","","ARMImportID","website/docs/r/iothub_endpoint_storage_container.html.markdown"
"Resource","azurerm_iothub_enrichment","Microsoft.Devices","","ARMImportID","website/docs/r/iothub_enrichment.html.markdown"
"Resource","azurerm_iothub_fallback_route","Microsoft.Devices","","ARMImportID","website/docs/r/iothub_fallback_route.html.markdown"
"Resource","azurerm_iothub_file_upload","Microsoft.Devices","","ARMImportID","website/docs/r/iothub_file_upload.html.markdown"
"Resource","azurerm_iothub_route","Microsoft.Devices","","ARMImportID","website/docs/r/iothub_route.html.markdown"
"Resource","azurerm_iothub_shared_access_policy","Microsoft.Devices","","ARMImportID","website/docs/r/iothub_shared_access_policy.html.markdown"
"Resource","azurerm_ip_group","Microsoft.Network","2025-01-01","GeneratedAPISection","website/docs/r/ip_group.html.markdown"
"Resource","azurerm_ip_group_cidr","Microsoft.Network","2025-01-01","GeneratedAPISection","website/docs/r/ip_group_cidr.html.markdown"
"Resource","azurerm_key_vault","Microsoft.KeyVault","2026-02-01","GeneratedAPISection","website/docs/r/key_vault.html.markdown"
"Resource","azurerm_key_vault_access_policy","Microsoft.KeyVault","2026-02-01","GeneratedAPISection","website/docs/r/key_vault_access_policy.html.markdown"
"Resource","azurerm_key_vault_certificate","","","Unmapped","website/docs/r/key_vault_certificate.html.markdown"
"Resource","azurerm_key_vault_certificate_contacts","","","Unmapped","website/docs/r/key_vault_certificate_contacts.html.markdown"
"Resource","azurerm_key_vault_certificate_issuer","","","Unmapped","website/docs/r/key_vault_certificate_issuer.html.markdown"
"Resource","azurerm_key_vault_key","","","Unmapped","website/docs/r/key_vault_key.html.markdown"
"Resource","azurerm_key_vault_managed_hardware_security_module","Microsoft.KeyVault","2026-02-01","GeneratedAPISection","website/docs/r/key_vault_managed_hardware_security_module.html.markdown"
"Resource","azurerm_key_vault_managed_hardware_security_module_key","Microsoft.KeyVault","2026-02-01","GeneratedAPISection","website/docs/r/key_vault_managed_hardware_security_module_key.html.markdown"
"Resource","azurerm_key_vault_managed_hardware_security_module_key_rotation_policy","","","Unmapped","website/docs/r/key_vault_managed_hardware_security_module_key_rotation_policy.html.markdown"
"Resource","azurerm_key_vault_managed_hardware_security_module_role_assignment","","","Unmapped","website/docs/r/key_vault_managed_hardware_security_module_role_assignment.html.markdown"
"Resource","azurerm_key_vault_managed_hardware_security_module_role_definition","","","Unmapped","website/docs/r/key_vault_managed_hardware_security_module_role_definition.html.markdown"
"Resource","azurerm_key_vault_managed_storage_account","","","Unmapped","website/docs/r/key_vault_managed_storage_account.html.markdown"
"Resource","azurerm_key_vault_managed_storage_account_sas_token_definition","","","Unmapped","website/docs/r/key_vault_managed_storage_account_sas_token_definition.html.markdown"
"Resource","azurerm_key_vault_secret","","","Unmapped","website/docs/r/key_vault_secret.html.markdown"
"Resource","azurerm_kubernetes_automatic_cluster","Microsoft.ContainerService","2026-04-01","GeneratedAPISection","website/docs/r/kubernetes_automatic_cluster.html.markdown"
"Resource","azurerm_kubernetes_cluster","Microsoft.ContainerService","2025-10-01","GeneratedAPISection","website/docs/r/kubernetes_cluster.html.markdown"
"Resource","azurerm_kubernetes_cluster_deployment_safeguard","Microsoft.ContainerService","2025-07-01","GeneratedAPISection","website/docs/r/kubernetes_cluster_deployment_safeguard.html.markdown"
"Resource","azurerm_kubernetes_cluster_extension","Microsoft.KubernetesConfiguration","2024-11-01","GeneratedAPISection","website/docs/r/kubernetes_cluster_extension.html.markdown"
"Resource","azurerm_kubernetes_cluster_node_pool","Microsoft.ContainerService","2025-10-01","GeneratedAPISection","website/docs/r/kubernetes_cluster_node_pool.html.markdown"
"Resource","azurerm_kubernetes_cluster_trusted_access_role_binding","Microsoft.ContainerService","2025-10-01","GeneratedAPISection","website/docs/r/kubernetes_cluster_trusted_access_role_binding.html.markdown"
"Resource","azurerm_kubernetes_fleet_manager","Microsoft.ContainerService","2024-04-01","GeneratedAPISection","website/docs/r/kubernetes_fleet_manager.html.markdown"
"Resource","azurerm_kubernetes_fleet_member","Microsoft.ContainerService","","ARMImportID","website/docs/r/kubernetes_fleet_member.html.markdown"
"Resource","azurerm_kubernetes_fleet_update_run","Microsoft.ContainerService","2025-03-01","GeneratedAPISection","website/docs/r/kubernetes_fleet_update_run.html.markdown"
"Resource","azurerm_kubernetes_fleet_update_strategy","Microsoft.ContainerService","2025-03-01","GeneratedAPISection","website/docs/r/kubernetes_fleet_update_strategy.html.markdown"
"Resource","azurerm_kubernetes_flux_configuration","Microsoft.KubernetesConfiguration","2025-04-01","GeneratedAPISection","website/docs/r/kubernetes_flux_configuration.html.markdown"
"Resource","azurerm_kusto_attached_database_configuration","Microsoft.Kusto","2024-04-13","GeneratedAPISection","website/docs/r/kusto_attached_database_configuration.html.markdown"
"Resource","azurerm_kusto_cluster","Microsoft.Kusto","2024-04-13","GeneratedAPISection","website/docs/r/kusto_cluster.html.markdown"
"Resource","azurerm_kusto_cluster_customer_managed_key","Microsoft.Kusto","2024-04-13","GeneratedAPISection","website/docs/r/kusto_cluster_customer_managed_key.html.markdown"
"Resource","azurerm_kusto_cluster_managed_private_endpoint","Microsoft.Kusto","2024-04-13","GeneratedAPISection","website/docs/r/kusto_cluster_managed_private_endpoint.html.markdown"
"Resource","azurerm_kusto_cluster_principal_assignment","Microsoft.Kusto","2024-04-13","GeneratedAPISection","website/docs/r/kusto_cluster_principal_assignment.html.markdown"
"Resource","azurerm_kusto_cosmosdb_data_connection","Microsoft.Kusto","2024-04-13","GeneratedAPISection","website/docs/r/kusto_cosmosdb_data_connection.html.markdown"
"Resource","azurerm_kusto_database","Microsoft.Kusto","2024-04-13","GeneratedAPISection","website/docs/r/kusto_database.html.markdown"
"Resource","azurerm_kusto_database_principal_assignment","Microsoft.Kusto","2024-04-13","GeneratedAPISection","website/docs/r/kusto_database_principal_assignment.html.markdown"
"Resource","azurerm_kusto_eventgrid_data_connection","Microsoft.Kusto","2024-04-13","GeneratedAPISection","website/docs/r/kusto_eventgrid_data_connection.html.markdown"
"Resource","azurerm_kusto_eventhub_data_connection","Microsoft.Kusto","2024-04-13","GeneratedAPISection","website/docs/r/kusto_eventhub_data_connection.html.markdown"
"Resource","azurerm_kusto_iothub_data_connection","Microsoft.Kusto","2024-04-13","GeneratedAPISection","website/docs/r/kusto_iothub_data_connection.html.markdown"
"Resource","azurerm_kusto_script","Microsoft.Kusto","2024-04-13","GeneratedAPISection","website/docs/r/kusto_script.html.markdown"
"Resource","azurerm_lb","Microsoft.Network","2025-01-01","GeneratedAPISection","website/docs/r/lb.html.markdown"
"Resource","azurerm_lb_backend_address_pool","Microsoft.Network","2025-01-01","GeneratedAPISection","website/docs/r/lb_backend_address_pool.html.markdown"
"Resource","azurerm_lb_backend_address_pool_address","Microsoft.Network","2025-01-01","GeneratedAPISection","website/docs/r/lb_backend_address_pool_address.html.markdown"
"Resource","azurerm_lb_nat_pool","Microsoft.Network","2025-01-01","GeneratedAPISection","website/docs/r/lb_nat_pool.html.markdown"
"Resource","azurerm_lb_nat_rule","Microsoft.Network","2025-01-01","GeneratedAPISection","website/docs/r/lb_nat_rule.html.markdown"
"Resource","azurerm_lb_outbound_rule","Microsoft.Network","2025-01-01","GeneratedAPISection","website/docs/r/lb_outbound_rule.html.markdown"
"Resource","azurerm_lb_probe","Microsoft.Network","2025-01-01","GeneratedAPISection","website/docs/r/lb_probe.html.markdown"
"Resource","azurerm_lb_rule","Microsoft.Network","2025-01-01","GeneratedAPISection","website/docs/r/lb_rule.html.markdown"
"Resource","azurerm_lighthouse_assignment","Microsoft.ManagedServices","2022-10-01","GeneratedAPISection","website/docs/r/lighthouse_assignment.html.markdown"
"Resource","azurerm_lighthouse_definition","Microsoft.ManagedServices","2022-10-01","GeneratedAPISection","website/docs/r/lighthouse_definition.html.markdown"
"Resource","azurerm_linux_function_app","Microsoft.Web","2023-12-01, 2023-01-01","GeneratedAPISection","website/docs/r/linux_function_app.html.markdown"
"Resource","azurerm_linux_function_app_slot","Microsoft.Web","2023-12-01, 2023-01-01","GeneratedAPISection","website/docs/r/linux_function_app_slot.html.markdown"
"Resource","azurerm_linux_virtual_machine","Microsoft.Compute","2024-03-01, 2023-04-02","GeneratedAPISection","website/docs/r/linux_virtual_machine.html.markdown"
"Resource","azurerm_linux_virtual_machine_scale_set","Microsoft.Compute","2025-04-01","GeneratedAPISection","website/docs/r/linux_virtual_machine_scale_set.html.markdown"
"Resource","azurerm_linux_web_app","Microsoft.Web","2023-12-01, 2023-01-01","GeneratedAPISection","website/docs/r/linux_web_app.html.markdown"
"Resource","azurerm_linux_web_app_slot","Microsoft.Web","2023-12-01","GeneratedAPISection","website/docs/r/linux_web_app_slot.html.markdown"
"Resource","azurerm_load_test","Microsoft.LoadTestService","2022-12-01","GeneratedAPISection","website/docs/r/load_test.html.markdown"
"Resource","azurerm_local_network_gateway","Microsoft.Network","2025-01-01","GeneratedAPISection","website/docs/r/local_network_gateway.html.markdown"
"Resource","azurerm_log_analytics_cluster","Microsoft.OperationalInsights","2022-10-01","GeneratedAPISection","website/docs/r/log_analytics_cluster.html.markdown"
"Resource","azurerm_log_analytics_cluster_customer_managed_key","Microsoft.OperationalInsights","2022-10-01","GeneratedAPISection","website/docs/r/log_analytics_cluster_customer_managed_key.html.markdown"
"Resource","azurerm_log_analytics_data_export_rule","Microsoft.OperationalInsights","2020-08-01","GeneratedAPISection","website/docs/r/log_analytics_data_export_rule.html.markdown"
"Resource","azurerm_log_analytics_datasource_windows_event","Microsoft.OperationalInsights","2020-08-01","GeneratedAPISection","website/docs/r/log_analytics_datasource_windows_event.html.markdown"
"Resource","azurerm_log_analytics_datasource_windows_performance_counter","Microsoft.OperationalInsights","2020-08-01","GeneratedAPISection","website/docs/r/log_analytics_datasource_windows_performance_counter.html.markdown"
"Resource","azurerm_log_analytics_linked_service","Microsoft.OperationalInsights","2020-08-01","GeneratedAPISection","website/docs/r/log_analytics_linked_service.html.markdown"
"Resource","azurerm_log_analytics_linked_storage_account","Microsoft.OperationalInsights","2020-08-01","GeneratedAPISection","website/docs/r/log_analytics_linked_storage_account.html.markdown"
"Resource","azurerm_log_analytics_query_pack","Microsoft.OperationalInsights","2019-09-01","GeneratedAPISection","website/docs/r/log_analytics_query_pack.html.markdown"
"Resource","azurerm_log_analytics_query_pack_query","Microsoft.OperationalInsights","2019-09-01","GeneratedAPISection","website/docs/r/log_analytics_query_pack_query.html.markdown"
"Resource","azurerm_log_analytics_saved_search","Microsoft.OperationalInsights","2020-08-01","GeneratedAPISection","website/docs/r/log_analytics_saved_search.html.markdown"
"Resource","azurerm_log_analytics_solution","Microsoft.OperationsManagement","2015-11-01-preview","GeneratedAPISection","website/docs/r/log_analytics_solution.html.markdown"
"Resource","azurerm_log_analytics_storage_insights","Microsoft.OperationalInsights","2020-08-01","GeneratedAPISection","website/docs/r/log_analytics_storage_insights.html.markdown"
"Resource","azurerm_log_analytics_workspace","Microsoft.OperationalInsights","2025-07-01, 2020-08-01","GeneratedAPISection","website/docs/r/log_analytics_workspace.html.markdown"
"Resource","azurerm_log_analytics_workspace_table","Microsoft.OperationalInsights","2022-10-01","GeneratedAPISection","website/docs/r/log_analytics_workspace_table.html.markdown"
"Resource","azurerm_log_analytics_workspace_table_custom_log","Microsoft.OperationalInsights","2022-10-01","GeneratedAPISection","website/docs/r/log_analytics_workspace_table_custom_log.html.markdown"
"Resource","azurerm_log_analytics_workspace_table_microsoft","Microsoft.OperationalInsights","2022-10-01","GeneratedAPISection","website/docs/r/log_analytics_workspace_table_microsoft.html.markdown"
"Resource","azurerm_logic_app_action_custom","Microsoft.Logic","","ARMImportID","website/docs/r/logic_app_action_custom.html.markdown"
"Resource","azurerm_logic_app_action_http","Microsoft.Logic","","ARMImportID","website/docs/r/logic_app_action_http.html.markdown"
"Resource","azurerm_logic_app_integration_account","Microsoft.Logic","2019-05-01","GeneratedAPISection","website/docs/r/logic_app_integration_account.html.markdown"
"Resource","azurerm_logic_app_integration_account_agreement","Microsoft.Logic","2019-05-01","GeneratedAPISection","website/docs/r/logic_app_integration_account_agreement.html.markdown"
"Resource","azurerm_logic_app_integration_account_assembly","Microsoft.Logic","2019-05-01","GeneratedAPISection","website/docs/r/logic_app_integration_account_assembly.html.markdown"
"Resource","azurerm_logic_app_integration_account_batch_configuration","Microsoft.Logic","2019-05-01","GeneratedAPISection","website/docs/r/logic_app_integration_account_batch_configuration.html.markdown"
"Resource","azurerm_logic_app_integration_account_certificate","Microsoft.Logic","2019-05-01","GeneratedAPISection","website/docs/r/logic_app_integration_account_certificate.html.markdown"
"Resource","azurerm_logic_app_integration_account_map","Microsoft.Logic","2019-05-01","GeneratedAPISection","website/docs/r/logic_app_integration_account_map.html.markdown"
"Resource","azurerm_logic_app_integration_account_partner","Microsoft.Logic","2019-05-01","GeneratedAPISection","website/docs/r/logic_app_integration_account_partner.html.markdown"
"Resource","azurerm_logic_app_integration_account_schema","Microsoft.Logic","2019-05-01","GeneratedAPISection","website/docs/r/logic_app_integration_account_schema.html.markdown"
"Resource","azurerm_logic_app_integration_account_session","Microsoft.Logic","2019-05-01","GeneratedAPISection","website/docs/r/logic_app_integration_account_session.html.markdown"
"Resource","azurerm_logic_app_standard","Microsoft.Web","2023-12-01, 2023-01-01","GeneratedAPISection","website/docs/r/logic_app_standard.html.markdown"
"Resource","azurerm_logic_app_trigger_custom","Microsoft.Logic","","ARMImportID","website/docs/r/logic_app_trigger_custom.html.markdown"
"Resource","azurerm_logic_app_trigger_http_request","Microsoft.Logic","","ARMImportID","website/docs/r/logic_app_trigger_http_request.html.markdown"
"Resource","azurerm_logic_app_trigger_recurrence","Microsoft.Logic","","ARMImportID","website/docs/r/logic_app_trigger_recurrence.html.markdown"
"Resource","azurerm_logic_app_workflow","Microsoft.Logic","2019-05-01","GeneratedAPISection","website/docs/r/logic_app_workflow.html.markdown"
"Resource","azurerm_machine_learning_compute_cluster","Microsoft.MachineLearningServices","2025-06-01","GeneratedAPISection","website/docs/r/machine_learning_compute_cluster.html.markdown"
"Resource","azurerm_machine_learning_compute_instance","Microsoft.MachineLearningServices","2025-06-01","GeneratedAPISection","website/docs/r/machine_learning_compute_instance.html.markdown"
"Resource","azurerm_machine_learning_datastore_blobstorage","Microsoft.MachineLearningServices","2025-06-01","GeneratedAPISection","website/docs/r/machine_learning_datastore_blobstorage.html.markdown"
"Resource","azurerm_machine_learning_datastore_datalake_gen2","Microsoft.MachineLearningServices","2025-06-01","GeneratedAPISection","website/docs/r/machine_learning_datastore_datalake_gen2.html.markdown"
"Resource","azurerm_machine_learning_datastore_fileshare","Microsoft.MachineLearningServices","2025-06-01","GeneratedAPISection","website/docs/r/machine_learning_datastore_fileshare.html.markdown"
"Resource","azurerm_machine_learning_inference_cluster","Microsoft.ContainerService","2025-10-01","GeneratedAPISection","website/docs/r/machine_learning_inference_cluster.html.markdown"
"Resource","azurerm_machine_learning_inference_cluster","Microsoft.MachineLearningServices","2025-06-01","GeneratedAPISection","website/docs/r/machine_learning_inference_cluster.html.markdown"
"Resource","azurerm_machine_learning_synapse_spark","Microsoft.MachineLearningServices","2025-06-01","GeneratedAPISection","website/docs/r/machine_learning_synapse_spark.html.markdown"
"Resource","azurerm_machine_learning_workspace","Microsoft.MachineLearningServices","2025-06-01","GeneratedAPISection","website/docs/r/machine_learning_workspace.html.markdown"
"Resource","azurerm_machine_learning_workspace_network_outbound_rule_fqdn","Microsoft.MachineLearningServices","2025-06-01","GeneratedAPISection","website/docs/r/machine_learning_workspace_network_outbound_rule_fqdn.html.markdown"
"Resource","azurerm_machine_learning_workspace_network_outbound_rule_private_endpoint","Microsoft.MachineLearningServices","2025-06-01","GeneratedAPISection","website/docs/r/machine_learning_workspace_network_outbound_rule_private_endpoint.html.markdown"
"Resource","azurerm_machine_learning_workspace_network_outbound_rule_service_tag","Microsoft.MachineLearningServices","2025-06-01","GeneratedAPISection","website/docs/r/machine_learning_workspace_network_outbound_rule_service_tag.html.markdown"
"Resource","azurerm_maintenance_assignment_dedicated_host","Microsoft.Maintenance","2023-04-01","GeneratedAPISection","website/docs/r/maintenance_assignment_dedicated_host.html.markdown"
"Resource","azurerm_maintenance_assignment_dynamic_scope","Microsoft.Maintenance","2023-04-01","GeneratedAPISection","website/docs/r/maintenance_assignment_dynamic_scope.html.markdown"
"Resource","azurerm_maintenance_assignment_virtual_machine","Microsoft.Maintenance","2023-04-01","GeneratedAPISection","website/docs/r/maintenance_assignment_virtual_machine.html.markdown"
"Resource","azurerm_maintenance_assignment_virtual_machine_scale_set","Microsoft.Maintenance","2023-04-01","GeneratedAPISection","website/docs/r/maintenance_assignment_virtual_machine_scale_set.html.markdown"
"Resource","azurerm_maintenance_configuration","Microsoft.Maintenance","2023-04-01","GeneratedAPISection","website/docs/r/maintenance_configuration.html.markdown"
"Resource","azurerm_managed_application","Microsoft.Solutions","2021-07-01","GeneratedAPISection","website/docs/r/managed_application.html.markdown"
"Resource","azurerm_managed_application_definition","Microsoft.Solutions","2021-07-01","GeneratedAPISection","website/docs/r/managed_application_definition.html.markdown"
"Resource","azurerm_managed_devops_pool","Microsoft.DevOpsInfrastructure","2025-09-20","GeneratedAPISection","website/docs/r/managed_devops_pool.html.markdown"
"Resource","azurerm_managed_disk","Microsoft.Compute","2023-04-02","GeneratedAPISection","website/docs/r/managed_disk.html.markdown"
"Resource","azurerm_managed_disk_sas_token","Microsoft.Compute","2023-04-02","GeneratedAPISection","website/docs/r/managed_disk_sas_token.html.markdown"
"Resource","azurerm_managed_lustre_file_system","Microsoft.StorageCache","2024-07-01","GeneratedAPISection","website/docs/r/managed_lustre_file_system.html.markdown"
"Resource","azurerm_managed_redis","Microsoft.Cache","2025-07-01","GeneratedAPISection","website/docs/r/managed_redis.html.markdown"
"Resource","azurerm_managed_redis_access_policy_assignment","Microsoft.Cache","2025-07-01","GeneratedAPISection","website/docs/r/managed_redis_access_policy_assignment.html.markdown"
"Resource","azurerm_managed_redis_geo_replication","Microsoft.Cache","2025-07-01","GeneratedAPISection","website/docs/r/managed_redis_geo_replication.html.markdown"
"Resource","azurerm_management_group","Microsoft.Management","2020-05-01","GeneratedAPISection","website/docs/r/management_group.html.markdown"
"Resource","azurerm_management_group_policy_assignment","Microsoft.Authorization","2022-06-01","GeneratedAPISection","website/docs/r/management_group_policy_assignment.html.markdown"
"Resource","azurerm_management_group_policy_exemption","","","Unmapped","website/docs/r/management_group_policy_exemption.html.markdown"
"Resource","azurerm_management_group_policy_remediation","Microsoft.Management","2021-10-01","GeneratedAPISection","website/docs/r/management_group_policy_remediation.html.markdown"
"Resource","azurerm_management_group_policy_set_definition","Microsoft.Management","2025-01-01","GeneratedAPISection","website/docs/r/management_group_policy_set_definition.html.markdown"
"Resource","azurerm_management_group_subscription_association","Microsoft.Management","2020-05-01","GeneratedAPISection","website/docs/r/management_group_subscription_association.html.markdown"
"Resource","azurerm_management_group_template_deployment","","","Unmapped","website/docs/r/management_group_template_deployment.html.markdown"
"Resource","azurerm_management_lock","Microsoft.Authorization","2020-05-01","GeneratedAPISection","website/docs/r/management_lock.html.markdown"
"Resource","azurerm_maps_account","Microsoft.Maps","2023-06-01","GeneratedAPISection","website/docs/r/maps_account.html.markdown"
"Resource","azurerm_marketplace_agreement","Microsoft.MarketplaceOrdering","2015-06-01","GeneratedAPISection","website/docs/r/marketplace_agreement.html.markdown"
"Resource","azurerm_marketplace_role_assignment","Microsoft.Authorization","2022-05-01-preview, 2022-04-01","GeneratedAPISection","website/docs/r/marketplace_role_assignment.html.markdown"
"Resource","azurerm_mongo_cluster","Microsoft.DocumentDB","2026-06-01","GeneratedAPISection","website/docs/r/mongo_cluster.html.markdown"
"Resource","azurerm_mongo_cluster_firewall_rule","Microsoft.DocumentDB","2026-06-01","GeneratedAPISection","website/docs/r/mongo_cluster_firewall_rule.html.markdown"
"Resource","azurerm_mongo_cluster_user","Microsoft.DocumentDB","2026-06-01","GeneratedAPISection","website/docs/r/mongo_cluster_user.html.markdown"
"Resource","azurerm_monitor_aad_diagnostic_setting","Microsoft.AADIAM","2017-04-01","GeneratedAPISection","website/docs/r/monitor_aad_diagnostic_setting.html.markdown"
"Resource","azurerm_monitor_action_group","Microsoft.Insights","2023-01-01","GeneratedAPISection","website/docs/r/monitor_action_group.html.markdown"
"Resource","azurerm_monitor_activity_log_alert","Microsoft.Insights","2020-10-01","GeneratedAPISection","website/docs/r/monitor_activity_log_alert.html.markdown"
"Resource","azurerm_monitor_alert_processing_rule_action_group","Microsoft.AlertsManagement","2021-08-08","GeneratedAPISection","website/docs/r/monitor_alert_processing_rule_action_group.html.markdown"
"Resource","azurerm_monitor_alert_processing_rule_suppression","Microsoft.AlertsManagement","2021-08-08","GeneratedAPISection","website/docs/r/monitor_alert_processing_rule_suppression.html.markdown"
"Resource","azurerm_monitor_alert_prometheus_rule_group","Microsoft.AlertsManagement","2023-03-01","GeneratedAPISection","website/docs/r/monitor_alert_prometheus_rule_group.html.markdown"
"Resource","azurerm_monitor_autoscale_setting","Microsoft.Insights","2022-10-01","GeneratedAPISection","website/docs/r/monitor_autoscale_setting.html.markdown"
"Resource","azurerm_monitor_data_collection_endpoint","Microsoft.Insights","2023-03-11","GeneratedAPISection","website/docs/r/monitor_data_collection_endpoint.html.markdown"
"Resource","azurerm_monitor_data_collection_rule","Microsoft.Insights","2023-03-11","GeneratedAPISection","website/docs/r/monitor_data_collection_rule.html.markdown"
"Resource","azurerm_monitor_data_collection_rule_association","Microsoft.Insights","2023-03-11","GeneratedAPISection","website/docs/r/monitor_data_collection_rule_association.html.markdown"
"Resource","azurerm_monitor_diagnostic_setting","Microsoft.Insights","2021-05-01-preview","GeneratedAPISection","website/docs/r/monitor_diagnostic_setting.html.markdown"
"Resource","azurerm_monitor_metric_alert","Microsoft.Insights","2018-03-01","GeneratedAPISection","website/docs/r/monitor_metric_alert.html.markdown"
"Resource","azurerm_monitor_private_link_scope","Microsoft.Insights","2021-07-01-preview","GeneratedAPISection","website/docs/r/monitor_private_link_scope.html.markdown"
"Resource","azurerm_monitor_private_link_scoped_service","Microsoft.Insights","2019-10-17-preview","GeneratedAPISection","website/docs/r/monitor_private_link_scoped_service.html.markdown"
"Resource","azurerm_monitor_scheduled_query_rules_alert","Microsoft.Insights","2018-04-16","GeneratedAPISection","website/docs/r/monitor_scheduled_query_rules_alert.html.markdown"
"Resource","azurerm_monitor_scheduled_query_rules_alert_v2","Microsoft.Insights","2023-03-15-preview","GeneratedAPISection","website/docs/r/monitor_scheduled_query_rules_alert_v2.html.markdown"
"Resource","azurerm_monitor_scheduled_query_rules_log","Microsoft.Insights","2018-04-16","GeneratedAPISection","website/docs/r/monitor_scheduled_query_rules_log.html.markdown"
"Resource","azurerm_monitor_smart_detector_alert_rule","Microsoft.AlertsManagement","2019-06-01","GeneratedAPISection","website/docs/r/monitor_smart_detector_alert_rule.html.markdown"
"Resource","azurerm_monitor_workspace","Microsoft.Monitor","2023-04-03","GeneratedAPISection","website/docs/r/monitor_workspace.html.markdown"
"Resource","azurerm_mssql_database","Microsoft.Sql","2025-01-01","GeneratedAPISection","website/docs/r/mssql_database.html.markdown"
"Resource","azurerm_mssql_database_extended_auditing_policy","Microsoft.Sql","2025-01-01","GeneratedAPISection","website/docs/r/mssql_database_extended_auditing_policy.html.markdown"
"Resource","azurerm_mssql_database_vulnerability_assessment_rule_baseline","Microsoft.Sql","2025-01-01","GeneratedAPISection","website/docs/r/mssql_database_vulnerability_assessment_rule_baseline.html.markdown"
"Resource","azurerm_mssql_elasticpool","Microsoft.Sql","2025-01-01","GeneratedAPISection","website/docs/r/mssql_elasticpool.html.markdown"
"Resource","azurerm_mssql_failover_group","Microsoft.Sql","2025-01-01","GeneratedAPISection","website/docs/r/mssql_failover_group.html.markdown"
"Resource","azurerm_mssql_firewall_rule","Microsoft.Sql","2025-01-01","GeneratedAPISection","website/docs/r/mssql_firewall_rule.html.markdown"
"Resource","azurerm_mssql_job","Microsoft.Sql","2025-01-01","GeneratedAPISection","website/docs/r/mssql_job.html.markdown"
"Resource","azurerm_mssql_job_agent","Microsoft.Sql","2025-01-01","GeneratedAPISection","website/docs/r/mssql_job_agent.html.markdown"
"Resource","azurerm_mssql_job_credential","Microsoft.Sql","2025-01-01","GeneratedAPISection","website/docs/r/mssql_job_credential.html.markdown"
"Resource","azurerm_mssql_job_schedule","Microsoft.Sql","2025-01-01","GeneratedAPISection","website/docs/r/mssql_job_schedule.html.markdown"
"Resource","azurerm_mssql_job_step","Microsoft.Sql","2025-01-01","GeneratedAPISection","website/docs/r/mssql_job_step.html.markdown"
"Resource","azurerm_mssql_job_target_group","Microsoft.Sql","2025-01-01","GeneratedAPISection","website/docs/r/mssql_job_target_group.html.markdown"
"Resource","azurerm_mssql_managed_database","Microsoft.Sql","2023-08-01-preview","GeneratedAPISection","website/docs/r/mssql_managed_database.html.markdown"
"Resource","azurerm_mssql_managed_instance","Microsoft.Sql","2023-08-01-preview","GeneratedAPISection","website/docs/r/mssql_managed_instance.html.markdown"
"Resource","azurerm_mssql_managed_instance_active_directory_administrator","Microsoft.Sql","2023-08-01-preview","GeneratedAPISection","website/docs/r/mssql_managed_instance_active_directory_administrator.html.markdown"
"Resource","azurerm_mssql_managed_instance_failover_group","Microsoft.Sql","2023-08-01-preview","GeneratedAPISection","website/docs/r/mssql_managed_instance_failover_group.html.markdown"
"Resource","azurerm_mssql_managed_instance_security_alert_policy","Microsoft.Sql","2023-08-01-preview","GeneratedAPISection","website/docs/r/mssql_managed_instance_security_alert_policy.html.markdown"
"Resource","azurerm_mssql_managed_instance_start_stop_schedule","Microsoft.Sql","2023-08-01-preview","GeneratedAPISection","website/docs/r/mssql_managed_instance_start_stop_schedule.html.markdown"
"Resource","azurerm_mssql_managed_instance_transparent_data_encryption","Microsoft.Sql","2023-08-01-preview","GeneratedAPISection","website/docs/r/mssql_managed_instance_transparent_data_encryption.html.markdown"
"Resource","azurerm_mssql_managed_instance_vulnerability_assessment","Microsoft.Sql","2023-08-01-preview","GeneratedAPISection","website/docs/r/mssql_managed_instance_vulnerability_assessment.html.markdown"
"Resource","azurerm_mssql_outbound_firewall_rule","Microsoft.Sql","2025-01-01","GeneratedAPISection","website/docs/r/mssql_outbound_firewall_rule.html.markdown"
"Resource","azurerm_mssql_server","Microsoft.Sql","2025-01-01","GeneratedAPISection","website/docs/r/mssql_server.html.markdown"
"Resource","azurerm_mssql_server_dns_alias","Microsoft.Sql","2025-01-01","GeneratedAPISection","website/docs/r/mssql_server_dns_alias.html.markdown"
"Resource","azurerm_mssql_server_extended_auditing_policy","Microsoft.Sql","2025-01-01","GeneratedAPISection","website/docs/r/mssql_server_extended_auditing_policy.html.markdown"
"Resource","azurerm_mssql_server_microsoft_support_auditing_policy","Microsoft.Sql","2025-01-01","GeneratedAPISection","website/docs/r/mssql_server_microsoft_support_auditing_policy.html.markdown"
"Resource","azurerm_mssql_server_security_alert_policy","Microsoft.Sql","2025-01-01","GeneratedAPISection","website/docs/r/mssql_server_security_alert_policy.html.markdown"
"Resource","azurerm_mssql_server_transparent_data_encryption","Microsoft.Sql","2025-01-01","GeneratedAPISection","website/docs/r/mssql_server_transparent_data_encryption.html.markdown"
"Resource","azurerm_mssql_server_vulnerability_assessment","Microsoft.Sql","2025-01-01","GeneratedAPISection","website/docs/r/mssql_server_vulnerability_assessment.html.markdown"
"Resource","azurerm_mssql_virtual_machine","Microsoft.Compute","2024-03-01","GeneratedAPISection","website/docs/r/mssql_virtual_machine.html.markdown"
"Resource","azurerm_mssql_virtual_machine","Microsoft.SqlVirtualMachine","2023-10-01","GeneratedAPISection","website/docs/r/mssql_virtual_machine.html.markdown"
"Resource","azurerm_mssql_virtual_machine_availability_group_listener","Microsoft.SqlVirtualMachine","2023-10-01","GeneratedAPISection","website/docs/r/mssql_virtual_machine_availability_group_listener.html.markdown"
"Resource","azurerm_mssql_virtual_machine_group","Microsoft.SqlVirtualMachine","2023-10-01","GeneratedAPISection","website/docs/r/mssql_virtual_machine_group.html.markdown"
"Resource","azurerm_mssql_virtual_network_rule","Microsoft.Sql","2025-01-01","GeneratedAPISection","website/docs/r/mssql_virtual_network_rule.html.markdown"
"Resource","azurerm_mysql_flexible_database","Microsoft.DBforMySQL","2023-12-30","GeneratedAPISection","website/docs/r/mysql_flexible_database.html.markdown"
"Resource","azurerm_mysql_flexible_server","Microsoft.DBforMySQL","2023-12-30","GeneratedAPISection","website/docs/r/mysql_flexible_server.html.markdown"
"Resource","azurerm_mysql_flexible_server_active_directory_administrator","Microsoft.DBforMySQL","2023-12-30","GeneratedAPISection","website/docs/r/mysql_flexible_server_active_directory_administrator.html.markdown"
"Resource","azurerm_mysql_flexible_server_configuration","Microsoft.DBforMySQL","2023-12-30","GeneratedAPISection","website/docs/r/mysql_flexible_server_configuration.html.markdown"
"Resource","azurerm_mysql_flexible_server_firewall_rule","Microsoft.DBforMySQL","2023-12-30","GeneratedAPISection","website/docs/r/mysql_flexible_server_firewall_rule.html.markdown"
"Resource","azurerm_nat_gateway","Microsoft.Network","2025-01-01","GeneratedAPISection","website/docs/r/nat_gateway.html.markdown"
"Resource","azurerm_nat_gateway_public_ip_association","Microsoft.Network","2025-01-01","GeneratedAPISection","website/docs/r/nat_gateway_public_ip_association.html.markdown"
"Resource","azurerm_nat_gateway_public_ip_prefix_association","Microsoft.Network","2025-01-01","GeneratedAPISection","website/docs/r/nat_gateway_public_ip_prefix_association.html.markdown"
"Resource","azurerm_netapp_account","Microsoft.NetApp","2026-05-01","GeneratedAPISection","website/docs/r/netapp_account.html.markdown"
"Resource","azurerm_netapp_account_encryption","Microsoft.NetApp","2026-05-01","GeneratedAPISection","website/docs/r/netapp_account_encryption.html.markdown"
"Resource","azurerm_netapp_backup_policy","Microsoft.NetApp","2026-05-01","GeneratedAPISection","website/docs/r/netapp_backup_policy.html.markdown"
"Resource","azurerm_netapp_backup_vault","Microsoft.NetApp","2026-05-01","GeneratedAPISection","website/docs/r/netapp_backup_vault.html.markdown"
"Resource","azurerm_netapp_pool","Microsoft.NetApp","2026-05-01","GeneratedAPISection","website/docs/r/netapp_pool.html.markdown"
"Resource","azurerm_netapp_snapshot","Microsoft.NetApp","2026-05-01","GeneratedAPISection","website/docs/r/netapp_snapshot.html.markdown"
"Resource","azurerm_netapp_snapshot_policy","Microsoft.NetApp","2026-05-01","GeneratedAPISection","website/docs/r/netapp_snapshot_policy.html.markdown"
"Resource","azurerm_netapp_volume","Microsoft.NetApp","2026-05-01","GeneratedAPISection","website/docs/r/netapp_volume.html.markdown"
"Resource","azurerm_netapp_volume_bucket","Microsoft.NetApp","2026-05-01","GeneratedAPISection","website/docs/r/netapp_volume_bucket.html.markdown"
"Resource","azurerm_netapp_volume_bucket_with_server","Microsoft.NetApp","2026-05-01","GeneratedAPISection","website/docs/r/netapp_volume_bucket_with_server.html.markdown"
"Resource","azurerm_netapp_volume_group_oracle","Microsoft.NetApp","2026-05-01","GeneratedAPISection","website/docs/r/netapp_volume_group_oracle.html.markdown"
"Resource","azurerm_netapp_volume_group_sap_hana","Microsoft.NetApp","2026-05-01","GeneratedAPISection","website/docs/r/netapp_volume_group_sap_hana.html.markdown"
"Resource","azurerm_netapp_volume_quota_rule","Microsoft.NetApp","2026-05-01","GeneratedAPISection","website/docs/r/netapp_volume_quota_rule.html.markdown"
"Resource","azurerm_network_connection_monitor","Microsoft.Network","2025-01-01","GeneratedAPISection","website/docs/r/network_connection_monitor.html.markdown"
"Resource","azurerm_network_ddos_protection_plan","Microsoft.Network","2025-01-01","GeneratedAPISection","website/docs/r/network_ddos_protection_plan.html.markdown"
"Resource","azurerm_network_function_azure_traffic_collector","Microsoft.NetworkFunction","2022-11-01","GeneratedAPISection","website/docs/r/network_function_azure_traffic_collector.html.markdown"
"Resource","azurerm_network_function_collector_policy","Microsoft.NetworkFunction","2022-11-01","GeneratedAPISection","website/docs/r/network_function_collector_policy.html.markdown"
"Resource","azurerm_network_interface","Microsoft.Network","2025-01-01","GeneratedAPISection","website/docs/r/network_interface.html.markdown"
"Resource","azurerm_network_interface_application_gateway_backend_address_pool_association","Microsoft.Network","2025-01-01","GeneratedAPISection","website/docs/r/network_interface_application_gateway_backend_address_pool_association.html.markdown"
"Resource","azurerm_network_interface_application_security_group_association","Microsoft.Network","2025-01-01","GeneratedAPISection","website/docs/r/network_interface_application_security_group_association.html.markdown"
"Resource","azurerm_network_interface_backend_address_pool_association","Microsoft.Network","2025-01-01","GeneratedAPISection","website/docs/r/network_interface_backend_address_pool_association.html.markdown"
"Resource","azurerm_network_interface_nat_rule_association","Microsoft.Network","2025-01-01","GeneratedAPISection","website/docs/r/network_interface_nat_rule_association.html.markdown"
"Resource","azurerm_network_interface_security_group_association","Microsoft.Network","2025-01-01","GeneratedAPISection","website/docs/r/network_interface_security_group_association.html.markdown"
"Resource","azurerm_network_manager","Microsoft.Network","2025-01-01","GeneratedAPISection","website/docs/r/network_manager.html.markdown"
"Resource","azurerm_network_manager_admin_rule","Microsoft.Network","2025-01-01","GeneratedAPISection","website/docs/r/network_manager_admin_rule.html.markdown"
"Resource","azurerm_network_manager_admin_rule_collection","Microsoft.Network","2025-01-01","GeneratedAPISection","website/docs/r/network_manager_admin_rule_collection.html.markdown"
"Resource","azurerm_network_manager_connectivity_configuration","Microsoft.Network","2025-01-01","GeneratedAPISection","website/docs/r/network_manager_connectivity_configuration.html.markdown"
"Resource","azurerm_network_manager_deployment","Microsoft.Network","2025-01-01","GeneratedAPISection","website/docs/r/network_manager_deployment.html.markdown"
"Resource","azurerm_network_manager_ipam_pool","Microsoft.Network","2025-01-01","GeneratedAPISection","website/docs/r/network_manager_ipam_pool.html.markdown"
"Resource","azurerm_network_manager_ipam_pool_static_cidr","Microsoft.Network","2025-01-01","GeneratedAPISection","website/docs/r/network_manager_ipam_pool_static_cidr.html.markdown"
"Resource","azurerm_network_manager_management_group_connection","Microsoft.Management","2025-01-01","GeneratedAPISection","website/docs/r/network_manager_management_group_connection.html.markdown"
"Resource","azurerm_network_manager_network_group","Microsoft.Network","2025-01-01","GeneratedAPISection","website/docs/r/network_manager_network_group.html.markdown"
"Resource","azurerm_network_manager_routing_configuration","Microsoft.Network","2025-01-01","GeneratedAPISection","website/docs/r/network_manager_routing_configuration.html.markdown"
"Resource","azurerm_network_manager_routing_rule","Microsoft.Network","2025-01-01","GeneratedAPISection","website/docs/r/network_manager_routing_rule.html.markdown"
"Resource","azurerm_network_manager_routing_rule_collection","Microsoft.Network","2025-01-01","GeneratedAPISection","website/docs/r/network_manager_routing_rule_collection.html.markdown"
"Resource","azurerm_network_manager_scope_connection","Microsoft.Network","2025-01-01","GeneratedAPISection","website/docs/r/network_manager_scope_connection.html.markdown"
"Resource","azurerm_network_manager_security_admin_configuration","Microsoft.Network","2025-01-01","GeneratedAPISection","website/docs/r/network_manager_security_admin_configuration.html.markdown"
"Resource","azurerm_network_manager_static_member","Microsoft.Network","2025-01-01","GeneratedAPISection","website/docs/r/network_manager_static_member.html.markdown"
"Resource","azurerm_network_manager_subscription_connection","Microsoft.Network","2025-01-01","GeneratedAPISection","website/docs/r/network_manager_subscription_connection.html.markdown"
"Resource","azurerm_network_manager_verifier_workspace","Microsoft.Network","2025-01-01","GeneratedAPISection","website/docs/r/network_manager_verifier_workspace.html.markdown"
"Resource","azurerm_network_manager_verifier_workspace_reachability_analysis_intent","Microsoft.Network","2025-01-01","GeneratedAPISection","website/docs/r/network_manager_verifier_workspace_reachability_analysis_intent.html.markdown"
"Resource","azurerm_network_profile","Microsoft.Network","2025-01-01","GeneratedAPISection","website/docs/r/network_profile.html.markdown"
"Resource","azurerm_network_security_group","Microsoft.Network","2025-01-01","GeneratedAPISection","website/docs/r/network_security_group.html.markdown"
"Resource","azurerm_network_security_perimeter","Microsoft.Network","2025-01-01","GeneratedAPISection","website/docs/r/network_security_perimeter.html.markdown"
"Resource","azurerm_network_security_perimeter_access_rule","Microsoft.Network","2025-01-01","GeneratedAPISection","website/docs/r/network_security_perimeter_access_rule.html.markdown"
"Resource","azurerm_network_security_perimeter_association","Microsoft.Network","2025-01-01","GeneratedAPISection","website/docs/r/network_security_perimeter_association.html.markdown"
"Resource","azurerm_network_security_perimeter_profile","Microsoft.Network","2025-01-01","GeneratedAPISection","website/docs/r/network_security_perimeter_profile.html.markdown"
"Resource","azurerm_network_security_rule","Microsoft.Network","2025-01-01","GeneratedAPISection","website/docs/r/network_security_rule.html.markdown"
"Resource","azurerm_network_watcher","Microsoft.Network","2025-01-01","GeneratedAPISection","website/docs/r/network_watcher.html.markdown"
"Resource","azurerm_network_watcher_flow_log","Microsoft.Network","2025-01-01","GeneratedAPISection","website/docs/r/network_watcher_flow_log.html.markdown"
"Resource","azurerm_new_relic_monitor","NewRelic.Observability","2024-03-01","GeneratedAPISection","website/docs/r/new_relic_monitor.html.markdown"
"Resource","azurerm_new_relic_tag_rule","NewRelic.Observability","2024-03-01","GeneratedAPISection","website/docs/r/new_relic_tag_rule.html.markdown"
"Resource","azurerm_nginx_api_key","Nginx.NginxPlus","2024-11-01-preview","GeneratedAPISection","website/docs/r/nginx_api_key.html.markdown"
"Resource","azurerm_nginx_certificate","Nginx.NginxPlus","2024-11-01-preview","GeneratedAPISection","website/docs/r/nginx_certificate.html.markdown"
"Resource","azurerm_nginx_configuration","Nginx.NginxPlus","2024-11-01-preview","GeneratedAPISection","website/docs/r/nginx_configuration.html.markdown"
"Resource","azurerm_nginx_deployment","Nginx.NginxPlus","2024-11-01-preview","GeneratedAPISection","website/docs/r/nginx_deployment.html.markdown"
"Resource","azurerm_notification_hub","Microsoft.NotificationHubs","2023-09-01","GeneratedAPISection","website/docs/r/notification_hub.html.markdown"
"Resource","azurerm_notification_hub_authorization_rule","Microsoft.NotificationHubs","2023-09-01","GeneratedAPISection","website/docs/r/notification_hub_authorization_rule.html.markdown"
"Resource","azurerm_notification_hub_namespace","Microsoft.NotificationHubs","2023-09-01","GeneratedAPISection","website/docs/r/notification_hub_namespace.html.markdown"
"Resource","azurerm_oracle_autonomous_database","Oracle.Database","2025-09-01","GeneratedAPISection","website/docs/r/oracle_autonomous_database.html.markdown"
"Resource","azurerm_oracle_autonomous_database_backup","Oracle.Database","2025-09-01","GeneratedAPISection","website/docs/r/oracle_autonomous_database_backup.html.markdown"
"Resource","azurerm_oracle_autonomous_database_clone_from_backup","Oracle.Database","2025-09-01","GeneratedAPISection","website/docs/r/oracle_autonomous_database_clone_from_backup.html.markdown"
"Resource","azurerm_oracle_autonomous_database_clone_from_database","Oracle.Database","2025-09-01","GeneratedAPISection","website/docs/r/oracle_autonomous_database_clone_from_database.html.markdown"
"Resource","azurerm_oracle_cloud_vm_cluster","Oracle.Database","2025-09-01","GeneratedAPISection","website/docs/r/oracle_cloud_vm_cluster.html.markdown"
"Resource","azurerm_oracle_exadata_infrastructure","Oracle.Database","2025-09-01","GeneratedAPISection","website/docs/r/oracle_exadata_infrastructure.html.markdown"
"Resource","azurerm_oracle_exascale_database_storage_vault","Oracle.Database","2025-09-01","GeneratedAPISection","website/docs/r/oracle_exascale_database_storage_vault.html.markdown"
"Resource","azurerm_oracle_resource_anchor","Oracle.Database","2025-09-01","GeneratedAPISection","website/docs/r/oracle_resource_anchor.html.markdown"
"Resource","azurerm_orchestrated_virtual_machine_scale_set","Microsoft.Compute","2025-04-01","GeneratedAPISection","website/docs/r/orchestrated_virtual_machine_scale_set.html.markdown"
"Resource","azurerm_palo_alto_local_rulestack","PaloAltoNetworks.Cloudngfw","2025-10-08","GeneratedAPISection","website/docs/r/palo_alto_local_rulestack.html.markdown"
"Resource","azurerm_palo_alto_local_rulestack_certificate","PaloAltoNetworks.Cloudngfw","2025-10-08","GeneratedAPISection","website/docs/r/palo_alto_local_rulestack_certificate.html.markdown"
"Resource","azurerm_palo_alto_local_rulestack_fqdn_list","PaloAltoNetworks.Cloudngfw","2025-10-08","GeneratedAPISection","website/docs/r/palo_alto_local_rulestack_fqdn_list.html.markdown"
"Resource","azurerm_palo_alto_local_rulestack_outbound_trust_certificate_association","PaloAltoNetworks.Cloudngfw","2025-10-08","GeneratedAPISection","website/docs/r/palo_alto_local_rulestack_outbound_trust_certificate_association.html.markdown"
"Resource","azurerm_palo_alto_local_rulestack_outbound_untrust_certificate_association","PaloAltoNetworks.Cloudngfw","2025-10-08","GeneratedAPISection","website/docs/r/palo_alto_local_rulestack_outbound_untrust_certificate_association.html.markdown"
"Resource","azurerm_palo_alto_local_rulestack_prefix_list","PaloAltoNetworks.Cloudngfw","2025-10-08","GeneratedAPISection","website/docs/r/palo_alto_local_rulestack_prefix_list.html.markdown"
"Resource","azurerm_palo_alto_local_rulestack_rule","PaloAltoNetworks.Cloudngfw","2025-10-08","GeneratedAPISection","website/docs/r/palo_alto_local_rulestack_rule.html.markdown"
"Resource","azurerm_palo_alto_next_generation_firewall_virtual_hub_local_rulestack","PaloAltoNetworks.Cloudngfw","2025-10-08","GeneratedAPISection","website/docs/r/palo_alto_next_generation_firewall_virtual_hub_local_rulestack.html.markdown"
"Resource","azurerm_palo_alto_next_generation_firewall_virtual_hub_panorama","PaloAltoNetworks.Cloudngfw","2025-10-08","GeneratedAPISection","website/docs/r/palo_alto_next_generation_firewall_virtual_hub_panorama.html.markdown"
"Resource","azurerm_palo_alto_next_generation_firewall_virtual_hub_strata_cloud_manager","PaloAltoNetworks.Cloudngfw","2025-10-08","GeneratedAPISection","website/docs/r/palo_alto_next_generation_firewall_virtual_hub_strata_cloud_manager.html.markdown"
"Resource","azurerm_palo_alto_next_generation_firewall_virtual_network_local_rulestack","PaloAltoNetworks.Cloudngfw","2025-10-08","GeneratedAPISection","website/docs/r/palo_alto_next_generation_firewall_virtual_network_local_rulestack.html.markdown"
"Resource","azurerm_palo_alto_next_generation_firewall_virtual_network_panorama","PaloAltoNetworks.Cloudngfw","2025-10-08","GeneratedAPISection","website/docs/r/palo_alto_next_generation_firewall_virtual_network_panorama.html.markdown"
"Resource","azurerm_palo_alto_next_generation_firewall_virtual_network_strata_cloud_manager","PaloAltoNetworks.Cloudngfw","2025-10-08","GeneratedAPISection","website/docs/r/palo_alto_next_generation_firewall_virtual_network_strata_cloud_manager.html.markdown"
"Resource","azurerm_palo_alto_virtual_network_appliance","Microsoft.Network","2025-01-01","GeneratedAPISection","website/docs/r/palo_alto_virtual_network_appliance.html.markdown"
"Resource","azurerm_pim_active_role_assignment","Microsoft.Authorization","2020-10-01","GeneratedAPISection","website/docs/r/pim_active_role_assignment.html.markdown"
"Resource","azurerm_pim_eligible_role_assignment","Microsoft.Authorization","2020-10-01","GeneratedAPISection","website/docs/r/pim_eligible_role_assignment.html.markdown"
"Resource","azurerm_playwright_workspace","Microsoft.LoadTestService","2025-09-01","GeneratedAPISection","website/docs/r/playwright_workspace.html.markdown"
"Resource","azurerm_point_to_site_vpn_gateway","Microsoft.Network","2025-01-01","GeneratedAPISection","website/docs/r/point_to_site_vpn_gateway.html.markdown"
"Resource","azurerm_policy_definition","Microsoft.Authorization","","ARMImportID","website/docs/r/policy_definition.html.markdown"
"Resource","azurerm_policy_set_definition","Microsoft.Authorization","2025-01-01","GeneratedAPISection","website/docs/r/policy_set_definition.html.markdown"
"Resource","azurerm_policy_virtual_machine_configuration_assignment","Microsoft.Compute","2024-04-05","GeneratedAPISection","website/docs/r/policy_virtual_machine_configuration_assignment.html.markdown"
"Resource","azurerm_portal_dashboard","Microsoft.Portal","2019-01-01-preview","GeneratedAPISection","website/docs/r/portal_dashboard.html.markdown"
"Resource","azurerm_portal_tenant_configuration","Microsoft.Portal","2019-01-01-preview","GeneratedAPISection","website/docs/r/portal_tenant_configuration.html.markdown"
"Resource","azurerm_postgresql_flexible_server","Microsoft.DBforPostgreSQL","2025-08-01","GeneratedAPISection","website/docs/r/postgresql_flexible_server.html.markdown"
"Resource","azurerm_postgresql_flexible_server_active_directory_administrator","Microsoft.DBforPostgreSQL","2025-08-01","GeneratedAPISection","website/docs/r/postgresql_flexible_server_active_directory_administrator.html.markdown"
"Resource","azurerm_postgresql_flexible_server_backup","Microsoft.DBforPostgreSQL","2025-08-01","GeneratedAPISection","website/docs/r/postgresql_flexible_server_backup.html.markdown"
"Resource","azurerm_postgresql_flexible_server_configuration","Microsoft.DBforPostgreSQL","2025-08-01","GeneratedAPISection","website/docs/r/postgresql_flexible_server_configuration.html.markdown"
"Resource","azurerm_postgresql_flexible_server_database","Microsoft.DBforPostgreSQL","2025-08-01","GeneratedAPISection","website/docs/r/postgresql_flexible_server_database.html.markdown"
"Resource","azurerm_postgresql_flexible_server_firewall_rule","Microsoft.DBforPostgreSQL","2025-08-01","GeneratedAPISection","website/docs/r/postgresql_flexible_server_firewall_rule.html.markdown"
"Resource","azurerm_postgresql_flexible_server_virtual_endpoint","Microsoft.DBforPostgreSQL","2025-08-01","GeneratedAPISection","website/docs/r/postgresql_flexible_server_virtual_endpoint.html.markdown"
"Resource","azurerm_powerbi_embedded","Microsoft.PowerBIDedicated","2021-01-01","GeneratedAPISection","website/docs/r/powerbi_embedded.html.markdown"
"Resource","azurerm_private_dns_a_record","Microsoft.Network","2024-06-01","GeneratedAPISection","website/docs/r/private_dns_a_record.html.markdown"
"Resource","azurerm_private_dns_aaaa_record","Microsoft.Network","2024-06-01","GeneratedAPISection","website/docs/r/private_dns_aaaa_record.html.markdown"
"Resource","azurerm_private_dns_cname_record","Microsoft.Network","2024-06-01","GeneratedAPISection","website/docs/r/private_dns_cname_record.html.markdown"
"Resource","azurerm_private_dns_mx_record","Microsoft.Network","2024-06-01","GeneratedAPISection","website/docs/r/private_dns_mx_record.html.markdown"
"Resource","azurerm_private_dns_ptr_record","Microsoft.Network","2024-06-01","GeneratedAPISection","website/docs/r/private_dns_ptr_record.html.markdown"
"Resource","azurerm_private_dns_resolver","Microsoft.Network","2022-07-01","GeneratedAPISection","website/docs/r/private_dns_resolver.html.markdown"
"Resource","azurerm_private_dns_resolver_dns_forwarding_ruleset","Microsoft.Network","2022-07-01","GeneratedAPISection","website/docs/r/private_dns_resolver_dns_forwarding_ruleset.html.markdown"
"Resource","azurerm_private_dns_resolver_forwarding_rule","Microsoft.Network","2022-07-01","GeneratedAPISection","website/docs/r/private_dns_resolver_forwarding_rule.html.markdown"
"Resource","azurerm_private_dns_resolver_inbound_endpoint","Microsoft.Network","2022-07-01","GeneratedAPISection","website/docs/r/private_dns_resolver_inbound_endpoint.html.markdown"
"Resource","azurerm_private_dns_resolver_outbound_endpoint","Microsoft.Network","2022-07-01","GeneratedAPISection","website/docs/r/private_dns_resolver_outbound_endpoint.html.markdown"
"Resource","azurerm_private_dns_resolver_virtual_network_link","Microsoft.Network","2022-07-01","GeneratedAPISection","website/docs/r/private_dns_resolver_virtual_network_link.html.markdown"
"Resource","azurerm_private_dns_srv_record","Microsoft.Network","2024-06-01","GeneratedAPISection","website/docs/r/private_dns_srv_record.html.markdown"
"Resource","azurerm_private_dns_txt_record","Microsoft.Network","2024-06-01","GeneratedAPISection","website/docs/r/private_dns_txt_record.html.markdown"
"Resource","azurerm_private_dns_zone","Microsoft.Network","2024-06-01","GeneratedAPISection","website/docs/r/private_dns_zone.html.markdown"
"Resource","azurerm_private_dns_zone_virtual_network_link","Microsoft.Network","2024-06-01","GeneratedAPISection","website/docs/r/private_dns_zone_virtual_network_link.html.markdown"
"Resource","azurerm_private_endpoint","Microsoft.Network","2025-01-01","GeneratedAPISection","website/docs/r/private_endpoint.html.markdown"
"Resource","azurerm_private_endpoint_application_security_group_association","Microsoft.Network","2025-01-01","GeneratedAPISection","website/docs/r/private_endpoint_application_security_group_association.html.markdown"
"Resource","azurerm_private_link_service","Microsoft.Network","2025-01-01","GeneratedAPISection","website/docs/r/private_link_service.html.markdown"
"Resource","azurerm_proximity_placement_group","Microsoft.Compute","2022-03-01","GeneratedAPISection","website/docs/r/proximity_placement_group.html.markdown"
"Resource","azurerm_public_ip","Microsoft.Network","2025-01-01","GeneratedAPISection","website/docs/r/public_ip.html.markdown"
"Resource","azurerm_public_ip_prefix","Microsoft.Network","2025-01-01","GeneratedAPISection","website/docs/r/public_ip_prefix.html.markdown"
"Resource","azurerm_purview_account","Microsoft.Purview","2021-12-01","GeneratedAPISection","website/docs/r/purview_account.html.markdown"
"Resource","azurerm_qumulo_file_system","Qumulo.Storage","2024-06-19","GeneratedAPISection","website/docs/r/qumulo_file_system.html.markdown"
"Resource","azurerm_recovery_services_vault","Microsoft.RecoveryServices","2025-08-01, 2024-04-01","GeneratedAPISection","website/docs/r/recovery_services_vault.html.markdown"
"Resource","azurerm_recovery_services_vault_resource_guard_association","Microsoft.RecoveryServices","","ARMImportID","website/docs/r/recovery_services_vault_resource_guard_association.html.markdown"
"Resource","azurerm_redhat_openshift_cluster","Microsoft.RedHatOpenShift","2025-07-25","GeneratedAPISection","website/docs/r/redhat_openshift_cluster.html.markdown"
"Resource","azurerm_redis_cache","Microsoft.Cache","2024-11-01","GeneratedAPISection","website/docs/r/redis_cache.html.markdown"
"Resource","azurerm_redis_cache_access_policy","Microsoft.Cache","2024-11-01","GeneratedAPISection","website/docs/r/redis_cache_access_policy.html.markdown"
"Resource","azurerm_redis_cache_access_policy_assignment","Microsoft.Cache","2024-11-01","GeneratedAPISection","website/docs/r/redis_cache_access_policy_assignment.html.markdown"
"Resource","azurerm_redis_firewall_rule","Microsoft.Cache","2024-11-01","GeneratedAPISection","website/docs/r/redis_firewall_rule.html.markdown"
"Resource","azurerm_redis_linked_server","Microsoft.Cache","2024-11-01","GeneratedAPISection","website/docs/r/redis_linked_server.html.markdown"
"Resource","azurerm_relay_hybrid_connection","Microsoft.Relay","2021-11-01","GeneratedAPISection","website/docs/r/relay_hybrid_connection.html.markdown"
"Resource","azurerm_relay_hybrid_connection_authorization_rule","Microsoft.Relay","2021-11-01","GeneratedAPISection","website/docs/r/relay_hybrid_connection_authorization_rule.html.markdown"
"Resource","azurerm_relay_namespace","Microsoft.Relay","2021-11-01","GeneratedAPISection","website/docs/r/relay_namespace.html.markdown"
"Resource","azurerm_relay_namespace_authorization_rule","Microsoft.Relay","2021-11-01","GeneratedAPISection","website/docs/r/relay_namespace_authorization_rule.html.markdown"
"Resource","azurerm_resource_deployment_script_azure_cli","Microsoft.Resources","2020-10-01","GeneratedAPISection","website/docs/r/resource_deployment_script_azure_cli.html.markdown"
"Resource","azurerm_resource_deployment_script_azure_power_shell","Microsoft.Resources","2020-10-01","GeneratedAPISection","website/docs/r/resource_deployment_script_azure_power_shell.html.markdown"
"Resource","azurerm_resource_group","","","Unmapped","website/docs/r/resource_group.html.markdown"
"Resource","azurerm_resource_group_cost_management_export","Microsoft.CostManagement","2023-08-01","GeneratedAPISection","website/docs/r/resource_group_cost_management_export.html.markdown"
"Resource","azurerm_resource_group_cost_management_view","Microsoft.CostManagement","2023-08-01","GeneratedAPISection","website/docs/r/resource_group_cost_management_view.html.markdown"
"Resource","azurerm_resource_group_policy_assignment","Microsoft.Authorization","2022-06-01","GeneratedAPISection","website/docs/r/resource_group_policy_assignment.html.markdown"
"Resource","azurerm_resource_group_policy_exemption","Microsoft.Authorization","","ARMImportID","website/docs/r/resource_group_policy_exemption.html.markdown"
"Resource","azurerm_resource_group_policy_remediation","Microsoft.PolicyInsights","2021-10-01","GeneratedAPISection","website/docs/r/resource_group_policy_remediation.html.markdown"
"Resource","azurerm_resource_group_template_deployment","Microsoft.Resources","","ARMImportID","website/docs/r/resource_group_template_deployment.html.markdown"
"Resource","azurerm_resource_management_private_link","Microsoft.Authorization","2020-05-01","GeneratedAPISection","website/docs/r/resource_management_private_link.html.markdown"
"Resource","azurerm_resource_management_private_link_association","Microsoft.Management","2020-05-01","GeneratedAPISection","website/docs/r/resource_management_private_link_association.html.markdown"
"Resource","azurerm_resource_policy_assignment","Microsoft.Authorization","2022-06-01","GeneratedAPISection","website/docs/r/resource_policy_assignment.html.markdown"
"Resource","azurerm_resource_policy_exemption","Microsoft.Authorization","","ARMImportID","website/docs/r/resource_policy_exemption.html.markdown"
"Resource","azurerm_resource_policy_remediation","Microsoft.PolicyInsights","2021-10-01","GeneratedAPISection","website/docs/r/resource_policy_remediation.html.markdown"
"Resource","azurerm_resource_provider_feature_registration","Microsoft.Features","2021-07-01","GeneratedAPISection","website/docs/r/resource_provider_feature_registration.html.markdown"
"Resource","azurerm_resource_provider_registration","Microsoft.Features","2021-07-01","GeneratedAPISection","website/docs/r/resource_provider_registration.html.markdown"
"Resource","azurerm_role_assignment","Microsoft.Authorization","2022-05-01-preview, 2022-04-01","GeneratedAPISection","website/docs/r/role_assignment.html.markdown"
"Resource","azurerm_role_definition","Microsoft.Authorization","2022-05-01-preview","GeneratedAPISection","website/docs/r/role_definition.html.markdown"
"Resource","azurerm_role_management_policy","Microsoft.Authorization","2020-10-01","GeneratedAPISection","website/docs/r/role_management_policy.html.markdown"
"Resource","azurerm_route","Microsoft.Network","2025-01-01","GeneratedAPISection","website/docs/r/route.html.markdown"
"Resource","azurerm_route_filter","Microsoft.Network","2025-01-01","GeneratedAPISection","website/docs/r/route_filter.html.markdown"
"Resource","azurerm_route_map","Microsoft.Network","2025-01-01","GeneratedAPISection","website/docs/r/route_map.html.markdown"
"Resource","azurerm_route_server","Microsoft.Network","2025-01-01","GeneratedAPISection","website/docs/r/route_server.html.markdown"
"Resource","azurerm_route_server_bgp_connection","Microsoft.Network","2025-01-01","GeneratedAPISection","website/docs/r/route_server_bgp_connection.html.markdown"
"Resource","azurerm_route_table","Microsoft.Network","2025-01-01","GeneratedAPISection","website/docs/r/route_table.html.markdown"
"Resource","azurerm_search_service","Microsoft.Search","2025-05-01","GeneratedAPISection","website/docs/r/search_service.html.markdown"
"Resource","azurerm_search_shared_private_link_service","Microsoft.Search","2025-05-01","GeneratedAPISection","website/docs/r/search_shared_private_link_service.html.markdown"
"Resource","azurerm_security_center_assessment","Microsoft.Security","","ARMImportID","website/docs/r/security_center_assessment.html.markdown"
"Resource","azurerm_security_center_assessment_policy","Microsoft.Security","2021-06-01","GeneratedAPISection","website/docs/r/security_center_assessment_policy.html.markdown"
"Resource","azurerm_security_center_automation","Microsoft.Security","2019-01-01-preview","GeneratedAPISection","website/docs/r/security_center_automation.html.markdown"
"Resource","azurerm_security_center_contact","Microsoft.Security","","ARMImportID","website/docs/r/security_center_contact.html.markdown"
"Resource","azurerm_security_center_server_vulnerability_assessment_virtual_machine","Microsoft.Security","","ARMImportID","website/docs/r/security_center_server_vulnerability_assessment_virtual_machine.html.markdown"
"Resource","azurerm_security_center_server_vulnerability_assessments_setting","Microsoft.Security","2023-05-01","GeneratedAPISection","website/docs/r/security_center_server_vulnerability_assessments_setting.html.markdown"
"Resource","azurerm_security_center_setting","Microsoft.Security","2022-05-01","GeneratedAPISection","website/docs/r/security_center_setting.html.markdown"
"Resource","azurerm_security_center_storage_defender","Microsoft.Security","2025-06-01","GeneratedAPISection","website/docs/r/security_center_storage_defender.html.markdown"
"Resource","azurerm_security_center_subscription_pricing","Microsoft.Security","2023-01-01","GeneratedAPISection","website/docs/r/security_center_subscription_pricing.html.markdown"
"Resource","azurerm_security_center_workspace","Microsoft.Security","","ARMImportID","website/docs/r/security_center_workspace.html.markdown"
"Resource","azurerm_sentinel_alert_rule_anomaly_built_in","Microsoft.OperationalInsights","2022-10-01-preview","GeneratedAPISection","website/docs/r/sentinel_alert_rule_anomaly_built_in.html.markdown"
"Resource","azurerm_sentinel_alert_rule_anomaly_built_in","Microsoft.SecurityInsights","2022-10-01-preview","GeneratedAPISection","website/docs/r/sentinel_alert_rule_anomaly_built_in.html.markdown"
"Resource","azurerm_sentinel_alert_rule_anomaly_duplicate","Microsoft.OperationalInsights","2022-10-01-preview","GeneratedAPISection","website/docs/r/sentinel_alert_rule_anomaly_duplicate.html.markdown"
"Resource","azurerm_sentinel_alert_rule_anomaly_duplicate","Microsoft.SecurityInsights","2022-10-01-preview","GeneratedAPISection","website/docs/r/sentinel_alert_rule_anomaly_duplicate.html.markdown"
"Resource","azurerm_sentinel_alert_rule_fusion","Microsoft.OperationalInsights","2023-12-01-preview","GeneratedAPISection","website/docs/r/sentinel_alert_rule_fusion.html.markdown"
"Resource","azurerm_sentinel_alert_rule_machine_learning_behavior_analytics","Microsoft.OperationalInsights","2023-12-01-preview","GeneratedAPISection","website/docs/r/sentinel_alert_rule_machine_learning_behavior_analytics.html.markdown"
"Resource","azurerm_sentinel_alert_rule_ms_security_incident","Microsoft.OperationalInsights","2023-12-01-preview","GeneratedAPISection","website/docs/r/sentinel_alert_rule_ms_security_incident.html.markdown"
"Resource","azurerm_sentinel_alert_rule_nrt","Microsoft.OperationalInsights","2023-12-01-preview","GeneratedAPISection","website/docs/r/sentinel_alert_rule_nrt.html.markdown"
"Resource","azurerm_sentinel_alert_rule_scheduled","Microsoft.OperationalInsights","2023-12-01-preview","GeneratedAPISection","website/docs/r/sentinel_alert_rule_scheduled.html.markdown"
"Resource","azurerm_sentinel_alert_rule_threat_intelligence","Microsoft.OperationalInsights","2023-12-01-preview, 2022-10-01-preview","GeneratedAPISection","website/docs/r/sentinel_alert_rule_threat_intelligence.html.markdown"
"Resource","azurerm_sentinel_automation_rule","Microsoft.OperationalInsights","2024-09-01","GeneratedAPISection","website/docs/r/sentinel_automation_rule.html.markdown"
"Resource","azurerm_sentinel_data_connector_aws_cloud_trail","Microsoft.OperationalInsights","2022-10-01-preview","GeneratedAPISection","website/docs/r/sentinel_data_connector_aws_cloud_trail.html.markdown"
"Resource","azurerm_sentinel_data_connector_aws_s3","Microsoft.OperationalInsights","2022-10-01-preview","GeneratedAPISection","website/docs/r/sentinel_data_connector_aws_s3.html.markdown"
"Resource","azurerm_sentinel_data_connector_azure_active_directory","Microsoft.OperationalInsights","2022-10-01-preview","GeneratedAPISection","website/docs/r/sentinel_data_connector_azure_active_directory.html.markdown"
"Resource","azurerm_sentinel_data_connector_azure_advanced_threat_protection","Microsoft.OperationalInsights","2022-10-01-preview","GeneratedAPISection","website/docs/r/sentinel_data_connector_azure_advanced_threat_protection.html.markdown"
"Resource","azurerm_sentinel_data_connector_azure_security_center","Microsoft.OperationalInsights","2022-10-01-preview","GeneratedAPISection","website/docs/r/sentinel_data_connector_azure_security_center.html.markdown"
"Resource","azurerm_sentinel_data_connector_dynamics_365","Microsoft.OperationalInsights","2022-10-01-preview","GeneratedAPISection","website/docs/r/sentinel_data_connector_dynamics_365.html.markdown"
"Resource","azurerm_sentinel_data_connector_iot","Microsoft.OperationalInsights","2022-10-01-preview","GeneratedAPISection","website/docs/r/sentinel_data_connector_iot.html.markdown"
"Resource","azurerm_sentinel_data_connector_microsoft_cloud_app_security","Microsoft.OperationalInsights","2022-10-01-preview","GeneratedAPISection","website/docs/r/sentinel_data_connector_microsoft_cloud_app_security.html.markdown"
"Resource","azurerm_sentinel_data_connector_microsoft_defender_advanced_threat_protection","Microsoft.OperationalInsights","2022-10-01-preview","GeneratedAPISection","website/docs/r/sentinel_data_connector_microsoft_defender_advanced_threat_protection.html.markdown"
"Resource","azurerm_sentinel_data_connector_microsoft_threat_intelligence","Microsoft.OperationalInsights","2022-10-01-preview","GeneratedAPISection","website/docs/r/sentinel_data_connector_microsoft_threat_intelligence.html.markdown"
"Resource","azurerm_sentinel_data_connector_microsoft_threat_protection","Microsoft.OperationalInsights","2022-10-01-preview","GeneratedAPISection","website/docs/r/sentinel_data_connector_microsoft_threat_protection.html.markdown"
"Resource","azurerm_sentinel_data_connector_office_365","Microsoft.OperationalInsights","2022-10-01-preview","GeneratedAPISection","website/docs/r/sentinel_data_connector_office_365.html.markdown"
"Resource","azurerm_sentinel_data_connector_office_365_project","Microsoft.OperationalInsights","2022-10-01-preview","GeneratedAPISection","website/docs/r/sentinel_data_connector_office_365_project.html.markdown"
"Resource","azurerm_sentinel_data_connector_office_atp","Microsoft.OperationalInsights","2022-10-01-preview","GeneratedAPISection","website/docs/r/sentinel_data_connector_office_atp.html.markdown"
"Resource","azurerm_sentinel_data_connector_office_irm","Microsoft.OperationalInsights","2022-10-01-preview","GeneratedAPISection","website/docs/r/sentinel_data_connector_office_irm.html.markdown"
"Resource","azurerm_sentinel_data_connector_office_power_bi","Microsoft.OperationalInsights","2022-10-01-preview","GeneratedAPISection","website/docs/r/sentinel_data_connector_office_power_bi.html.markdown"
"Resource","azurerm_sentinel_data_connector_threat_intelligence","Microsoft.OperationalInsights","2022-10-01-preview","GeneratedAPISection","website/docs/r/sentinel_data_connector_threat_intelligence.html.markdown"
"Resource","azurerm_sentinel_data_connector_threat_intelligence_taxii","Microsoft.OperationalInsights","2025-07-01, 2022-10-01-preview","GeneratedAPISection","website/docs/r/sentinel_data_connector_threat_intelligence_taxii.html.markdown"
"Resource","azurerm_sentinel_log_analytics_workspace_onboarding","Microsoft.OperationalInsights","2022-11-01","GeneratedAPISection","website/docs/r/sentinel_log_analytics_workspace_onboarding.html.markdown"
"Resource","azurerm_sentinel_metadata","Microsoft.OperationalInsights","2022-10-01-preview","GeneratedAPISection","website/docs/r/sentinel_metadata.html.markdown"
"Resource","azurerm_sentinel_threat_intelligence_indicator","Microsoft.OperationalInsights","2022-10-01-preview","GeneratedAPISection","website/docs/r/sentinel_threat_intelligence_indicator.html.markdown"
"Resource","azurerm_sentinel_threat_intelligence_indicator","Microsoft.SecurityInsights","2022-10-01-preview","GeneratedAPISection","website/docs/r/sentinel_threat_intelligence_indicator.html.markdown"
"Resource","azurerm_sentinel_watchlist","Microsoft.OperationalInsights","2022-11-01","GeneratedAPISection","website/docs/r/sentinel_watchlist.html.markdown"
"Resource","azurerm_sentinel_watchlist_item","Microsoft.OperationalInsights","2022-11-01","GeneratedAPISection","website/docs/r/sentinel_watchlist_item.html.markdown"
"Resource","azurerm_service_fabric_cluster","Microsoft.ServiceFabric","2021-06-01","GeneratedAPISection","website/docs/r/service_fabric_cluster.html.markdown"
"Resource","azurerm_service_fabric_managed_cluster","Microsoft.ServiceFabric","2024-04-01","GeneratedAPISection","website/docs/r/service_fabric_managed_cluster.html.markdown"
"Resource","azurerm_service_plan","Microsoft.Web","2023-12-01","GeneratedAPISection","website/docs/r/service_plan.html.markdown"
"Resource","azurerm_servicebus_namespace","Microsoft.ServiceBus","2024-01-01","GeneratedAPISection","website/docs/r/servicebus_namespace.html.markdown"
"Resource","azurerm_servicebus_namespace_authorization_rule","Microsoft.ServiceBus","2024-01-01","GeneratedAPISection","website/docs/r/servicebus_namespace_authorization_rule.html.markdown"
"Resource","azurerm_servicebus_namespace_customer_managed_key","Microsoft.ServiceBus","2024-01-01","GeneratedAPISection","website/docs/r/servicebus_namespace_customer_managed_key.html.markdown"
"Resource","azurerm_servicebus_namespace_disaster_recovery_config","Microsoft.ServiceBus","2024-01-01","GeneratedAPISection","website/docs/r/servicebus_namespace_disaster_recovery_config.html.markdown"
"Resource","azurerm_servicebus_queue","Microsoft.ServiceBus","2024-01-01","GeneratedAPISection","website/docs/r/servicebus_queue.html.markdown"
"Resource","azurerm_servicebus_queue_authorization_rule","Microsoft.ServiceBus","2024-01-01","GeneratedAPISection","website/docs/r/servicebus_queue_authorization_rule.html.markdown"
"Resource","azurerm_servicebus_subscription","Microsoft.ServiceBus","2024-01-01","GeneratedAPISection","website/docs/r/servicebus_subscription.html.markdown"
"Resource","azurerm_servicebus_subscription_rule","Microsoft.ServiceBus","2024-01-01","GeneratedAPISection","website/docs/r/servicebus_subscription_rule.html.markdown"
"Resource","azurerm_servicebus_topic","Microsoft.ServiceBus","2024-01-01","GeneratedAPISection","website/docs/r/servicebus_topic.html.markdown"
"Resource","azurerm_servicebus_topic_authorization_rule","Microsoft.ServiceBus","2024-01-01","GeneratedAPISection","website/docs/r/servicebus_topic_authorization_rule.html.markdown"
"Resource","azurerm_shared_image","Microsoft.Compute","2022-03-03","GeneratedAPISection","website/docs/r/shared_image.html.markdown"
"Resource","azurerm_shared_image_gallery","Microsoft.Compute","2022-03-03","GeneratedAPISection","website/docs/r/shared_image_gallery.html.markdown"
"Resource","azurerm_shared_image_version","Microsoft.Compute","2023-07-03","GeneratedAPISection","website/docs/r/shared_image_version.html.markdown"
"Resource","azurerm_signalr_service","Microsoft.SignalRService","2024-03-01","GeneratedAPISection","website/docs/r/signalr_service.html.markdown"
"Resource","azurerm_signalr_service_custom_certificate","Microsoft.SignalRService","2024-03-01","GeneratedAPISection","website/docs/r/signalr_service_custom_certificate.html.markdown"
"Resource","azurerm_signalr_service_custom_domain","Microsoft.SignalRService","2024-03-01","GeneratedAPISection","website/docs/r/signalr_service_custom_domain.html.markdown"
"Resource","azurerm_signalr_service_network_acl","Microsoft.SignalRService","2024-03-01","GeneratedAPISection","website/docs/r/signalr_service_network_acl.html.markdown"
"Resource","azurerm_signalr_shared_private_link_resource","Microsoft.SignalRService","2024-03-01","GeneratedAPISection","website/docs/r/signalr_shared_private_link_resource.html.markdown"
"Resource","azurerm_site_recovery_fabric","Microsoft.RecoveryServices","2024-04-01","GeneratedAPISection","website/docs/r/site_recovery_fabric.html.markdown"
"Resource","azurerm_site_recovery_hyperv_network_mapping","Microsoft.RecoveryServices","2024-04-01","GeneratedAPISection","website/docs/r/site_recovery_hyperv_network_mapping.html.markdown"
"Resource","azurerm_site_recovery_hyperv_replication_policy","Microsoft.RecoveryServices","2024-04-01","GeneratedAPISection","website/docs/r/site_recovery_hyperv_replication_policy.html.markdown"
"Resource","azurerm_site_recovery_hyperv_replication_policy_association","Microsoft.RecoveryServices","2024-04-01","GeneratedAPISection","website/docs/r/site_recovery_hyperv_replication_policy_association.html.markdown"
"Resource","azurerm_site_recovery_network_mapping","Microsoft.RecoveryServices","2024-04-01","GeneratedAPISection","website/docs/r/site_recovery_network_mapping.html.markdown"
"Resource","azurerm_site_recovery_protection_container","Microsoft.RecoveryServices","2024-04-01","GeneratedAPISection","website/docs/r/site_recovery_protection_container.html.markdown"
"Resource","azurerm_site_recovery_protection_container_mapping","Microsoft.RecoveryServices","2024-04-01","GeneratedAPISection","website/docs/r/site_recovery_protection_container_mapping.html.markdown"
"Resource","azurerm_site_recovery_replicated_vm","Microsoft.RecoveryServices","2024-04-01","GeneratedAPISection","website/docs/r/site_recovery_replicated_vm.html.markdown"
"Resource","azurerm_site_recovery_replication_policy","Microsoft.RecoveryServices","2024-04-01","GeneratedAPISection","website/docs/r/site_recovery_replication_policy.html.markdown"
"Resource","azurerm_site_recovery_replication_recovery_plan","Microsoft.RecoveryServices","2024-04-01","GeneratedAPISection","website/docs/r/site_recovery_replication_recovery_plan.html.markdown"
"Resource","azurerm_site_recovery_services_vault_hyperv_site","Microsoft.RecoveryServices","2024-04-01","GeneratedAPISection","website/docs/r/site_recovery_services_vault_hyperv_site.html.markdown"
"Resource","azurerm_site_recovery_vmware_replicated_vm","Microsoft.OffAzure","2020-01-01","GeneratedAPISection","website/docs/r/site_recovery_vmware_replicated_vm.html.markdown"
"Resource","azurerm_site_recovery_vmware_replicated_vm","Microsoft.RecoveryServices","2024-04-01","GeneratedAPISection","website/docs/r/site_recovery_vmware_replicated_vm.html.markdown"
"Resource","azurerm_site_recovery_vmware_replication_policy","Microsoft.RecoveryServices","2024-04-01","GeneratedAPISection","website/docs/r/site_recovery_vmware_replication_policy.html.markdown"
"Resource","azurerm_site_recovery_vmware_replication_policy_association","Microsoft.RecoveryServices","2024-04-01","GeneratedAPISection","website/docs/r/site_recovery_vmware_replication_policy_association.html.markdown"
"Resource","azurerm_snapshot","Microsoft.Compute","2022-03-02","GeneratedAPISection","website/docs/r/snapshot.html.markdown"
"Resource","azurerm_source_control_token","Microsoft.Web","2023-01-01","GeneratedAPISection","website/docs/r/source_control_token.html.markdown"
"Resource","azurerm_spring_cloud_accelerator","Microsoft.AppPlatform","","ARMImportID","website/docs/r/spring_cloud_accelerator.html.markdown"
"Resource","azurerm_spring_cloud_active_deployment","Microsoft.AppPlatform","","ARMImportID","website/docs/r/spring_cloud_active_deployment.html.markdown"
"Resource","azurerm_spring_cloud_api_portal","Microsoft.AppPlatform","2024-01-01-preview","GeneratedAPISection","website/docs/r/spring_cloud_api_portal.html.markdown"
"Resource","azurerm_spring_cloud_api_portal_custom_domain","Microsoft.AppPlatform","","ARMImportID","website/docs/r/spring_cloud_api_portal_custom_domain.html.markdown"
"Resource","azurerm_spring_cloud_app","Microsoft.AppPlatform","","ARMImportID","website/docs/r/spring_cloud_app.html.markdown"
"Resource","azurerm_spring_cloud_app_cosmosdb_association","Microsoft.AppPlatform","","ARMImportID","website/docs/r/spring_cloud_app_cosmosdb_association.html.markdown"
"Resource","azurerm_spring_cloud_app_dynamics_application_performance_monitoring","Microsoft.AppPlatform","2024-01-01-preview","GeneratedAPISection","website/docs/r/spring_cloud_app_dynamics_application_performance_monitoring.html.markdown"
"Resource","azurerm_spring_cloud_app_mysql_association","Microsoft.AppPlatform","","ARMImportID","website/docs/r/spring_cloud_app_mysql_association.html.markdown"
"Resource","azurerm_spring_cloud_app_redis_association","Microsoft.AppPlatform","","ARMImportID","website/docs/r/spring_cloud_app_redis_association.html.markdown"
"Resource","azurerm_spring_cloud_application_insights_application_performance_monitoring","Microsoft.AppPlatform","2024-01-01-preview","GeneratedAPISection","website/docs/r/spring_cloud_application_insights_application_performance_monitoring.html.markdown"
"Resource","azurerm_spring_cloud_application_live_view","Microsoft.AppPlatform","","ARMImportID","website/docs/r/spring_cloud_application_live_view.html.markdown"
"Resource","azurerm_spring_cloud_build_deployment","Microsoft.AppPlatform","","ARMImportID","website/docs/r/spring_cloud_build_deployment.html.markdown"
"Resource","azurerm_spring_cloud_build_pack_binding","Microsoft.AppPlatform","","ARMImportID","website/docs/r/spring_cloud_build_pack_binding.html.markdown"
"Resource","azurerm_spring_cloud_builder","Microsoft.AppPlatform","","ARMImportID","website/docs/r/spring_cloud_builder.html.markdown"
"Resource","azurerm_spring_cloud_certificate","Microsoft.AppPlatform","","ARMImportID","website/docs/r/spring_cloud_certificate.html.markdown"
"Resource","azurerm_spring_cloud_configuration_service","Microsoft.AppPlatform","2024-01-01-preview","GeneratedAPISection","website/docs/r/spring_cloud_configuration_service.html.markdown"
"Resource","azurerm_spring_cloud_connection","Microsoft.ServiceLinker","2024-04-01, 2022-05-01","GeneratedAPISection","website/docs/r/spring_cloud_connection.html.markdown"
"Resource","azurerm_spring_cloud_container_deployment","Microsoft.AppPlatform","","ARMImportID","website/docs/r/spring_cloud_container_deployment.html.markdown"
"Resource","azurerm_spring_cloud_custom_domain","Microsoft.AppPlatform","","ARMImportID","website/docs/r/spring_cloud_custom_domain.html.markdown"
"Resource","azurerm_spring_cloud_customized_accelerator","Microsoft.AppPlatform","2024-01-01-preview","GeneratedAPISection","website/docs/r/spring_cloud_customized_accelerator.html.markdown"
"Resource","azurerm_spring_cloud_dev_tool_portal","Microsoft.AppPlatform","","ARMImportID","website/docs/r/spring_cloud_dev_tool_portal.html.markdown"
"Resource","azurerm_spring_cloud_dynatrace_application_performance_monitoring","Microsoft.AppPlatform","2024-01-01-preview","GeneratedAPISection","website/docs/r/spring_cloud_dynatrace_application_performance_monitoring.html.markdown"
"Resource","azurerm_spring_cloud_elastic_application_performance_monitoring","Microsoft.AppPlatform","2024-01-01-preview","GeneratedAPISection","website/docs/r/spring_cloud_elastic_application_performance_monitoring.html.markdown"
"Resource","azurerm_spring_cloud_gateway","Microsoft.AppPlatform","2024-01-01-preview","GeneratedAPISection","website/docs/r/spring_cloud_gateway.html.markdown"
"Resource","azurerm_spring_cloud_gateway_custom_domain","Microsoft.AppPlatform","","ARMImportID","website/docs/r/spring_cloud_gateway_custom_domain.html.markdown"
"Resource","azurerm_spring_cloud_gateway_route_config","Microsoft.AppPlatform","","ARMImportID","website/docs/r/spring_cloud_gateway_route_config.html.markdown"
"Resource","azurerm_spring_cloud_java_deployment","Microsoft.AppPlatform","","ARMImportID","website/docs/r/spring_cloud_java_deployment.html.markdown"
"Resource","azurerm_spring_cloud_new_relic_application_performance_monitoring","Microsoft.AppPlatform","2024-01-01-preview","GeneratedAPISection","website/docs/r/spring_cloud_new_relic_application_performance_monitoring.html.markdown"
"Resource","azurerm_spring_cloud_service","Microsoft.AppPlatform","","ARMImportID","website/docs/r/spring_cloud_service.html.markdown"
"Resource","azurerm_spring_cloud_storage","Microsoft.AppPlatform","","ARMImportID","website/docs/r/spring_cloud_storage.html.markdown"
"Resource","azurerm_ssh_public_key","Microsoft.Compute","2024-03-01","GeneratedAPISection","website/docs/r/ssh_public_key.html.markdown"
"Resource","azurerm_stack_hci_cluster","Microsoft.AutoManage","2022-05-04","GeneratedAPISection","website/docs/r/stack_hci_cluster.html.markdown"
"Resource","azurerm_stack_hci_cluster","Microsoft.AzureStackHCI","2024-01-01, 2022-05-04","GeneratedAPISection","website/docs/r/stack_hci_cluster.html.markdown"
"Resource","azurerm_stack_hci_deployment_setting","Microsoft.AzureStackHCI","2024-01-01","GeneratedAPISection","website/docs/r/stack_hci_deployment_setting.html.markdown"
"Resource","azurerm_stack_hci_deployment_setting","Microsoft.ExtendedLocation","2021-08-15","GeneratedAPISection","website/docs/r/stack_hci_deployment_setting.html.markdown"
"Resource","azurerm_stack_hci_deployment_setting","Microsoft.ResourceConnector","2022-10-27","GeneratedAPISection","website/docs/r/stack_hci_deployment_setting.html.markdown"
"Resource","azurerm_stack_hci_extension","Microsoft.AzureStackHCI","2024-01-01","GeneratedAPISection","website/docs/r/stack_hci_extension.html.markdown"
"Resource","azurerm_stack_hci_logical_network","Microsoft.AzureStackHCI","2024-01-01","GeneratedAPISection","website/docs/r/stack_hci_logical_network.html.markdown"
"Resource","azurerm_stack_hci_marketplace_gallery_image","Microsoft.AzureStackHCI","2024-01-01","GeneratedAPISection","website/docs/r/stack_hci_marketplace_gallery_image.html.markdown"
"Resource","azurerm_stack_hci_network_interface","Microsoft.AzureStackHCI","2024-01-01","GeneratedAPISection","website/docs/r/stack_hci_network_interface.html.markdown"
"Resource","azurerm_stack_hci_storage_path","Microsoft.AzureStackHCI","2024-01-01","GeneratedAPISection","website/docs/r/stack_hci_storage_path.html.markdown"
"Resource","azurerm_stack_hci_virtual_hard_disk","Microsoft.AzureStackHCI","2024-01-01","GeneratedAPISection","website/docs/r/stack_hci_virtual_hard_disk.html.markdown"
"Resource","azurerm_static_web_app","Microsoft.Web","2023-01-01","GeneratedAPISection","website/docs/r/static_web_app.html.markdown"
"Resource","azurerm_static_web_app_custom_domain","Microsoft.Web","2023-01-01","GeneratedAPISection","website/docs/r/static_web_app_custom_domain.html.markdown"
"Resource","azurerm_static_web_app_function_app_registration","Microsoft.Web","2023-12-01, 2023-01-01","GeneratedAPISection","website/docs/r/static_web_app_function_app_registration.html.markdown"
"Resource","azurerm_storage_account","Microsoft.Storage","2025-08-01","GeneratedAPISection","website/docs/r/storage_account.html.markdown"
"Resource","azurerm_storage_account_customer_managed_key","Microsoft.Storage","2025-08-01","GeneratedAPISection","website/docs/r/storage_account_customer_managed_key.html.markdown"
"Resource","azurerm_storage_account_local_user","Microsoft.Storage","2025-08-01","GeneratedAPISection","website/docs/r/storage_account_local_user.html.markdown"
"Resource","azurerm_storage_account_network_rules","Microsoft.Storage","2025-08-01","GeneratedAPISection","website/docs/r/storage_account_network_rules.html.markdown"
"Resource","azurerm_storage_account_queue_properties","Microsoft.Storage","","ARMImportID","website/docs/r/storage_account_queue_properties.html.markdown"
"Resource","azurerm_storage_account_static_website","Microsoft.Storage","","ARMImportID","website/docs/r/storage_account_static_website.html.markdown"
"Resource","azurerm_storage_account_table_properties","Microsoft.Storage","","ARMImportID","website/docs/r/storage_account_table_properties.html.markdown"
"Resource","azurerm_storage_blob","","","Unmapped","website/docs/r/storage_blob.html.markdown"
"Resource","azurerm_storage_blob_inventory_policy","Microsoft.Storage","2025-08-01","GeneratedAPISection","website/docs/r/storage_blob_inventory_policy.html.markdown"
"Resource","azurerm_storage_container","Microsoft.Storage","2025-08-01","GeneratedAPISection","website/docs/r/storage_container.html.markdown"
"Resource","azurerm_storage_container_immutability_policy","Microsoft.Storage","2025-08-01","GeneratedAPISection","website/docs/r/storage_container_immutability_policy.html.markdown"
"Resource","azurerm_storage_data_lake_gen2_filesystem","","","Unmapped","website/docs/r/storage_data_lake_gen2_filesystem.html.markdown"
"Resource","azurerm_storage_data_lake_gen2_path","","","Unmapped","website/docs/r/storage_data_lake_gen2_path.html.markdown"
"Resource","azurerm_storage_encryption_scope","Microsoft.Storage","2025-08-01","GeneratedAPISection","website/docs/r/storage_encryption_scope.html.markdown"
"Resource","azurerm_storage_management_policy","Microsoft.Storage","2025-08-01","GeneratedAPISection","website/docs/r/storage_management_policy.html.markdown"
"Resource","azurerm_storage_mover","Microsoft.StorageMover","2025-07-01","GeneratedAPISection","website/docs/r/storage_mover.html.markdown"
"Resource","azurerm_storage_mover_agent","Microsoft.StorageMover","2023-03-01","GeneratedAPISection","website/docs/r/storage_mover_agent.html.markdown"
"Resource","azurerm_storage_mover_job_definition","Microsoft.StorageMover","2025-07-01","GeneratedAPISection","website/docs/r/storage_mover_job_definition.html.markdown"
"Resource","azurerm_storage_mover_project","Microsoft.StorageMover","2025-07-01","GeneratedAPISection","website/docs/r/storage_mover_project.html.markdown"
"Resource","azurerm_storage_mover_source_endpoint","Microsoft.StorageMover","2025-07-01","GeneratedAPISection","website/docs/r/storage_mover_source_endpoint.html.markdown"
"Resource","azurerm_storage_mover_target_endpoint","Microsoft.StorageMover","2025-07-01","GeneratedAPISection","website/docs/r/storage_mover_target_endpoint.html.markdown"
"Resource","azurerm_storage_object_replication","Microsoft.Storage","2025-08-01","GeneratedAPISection","website/docs/r/storage_object_replication.html.markdown"
"Resource","azurerm_storage_queue","Microsoft.Storage","2025-08-01","GeneratedAPISection","website/docs/r/storage_queue.html.markdown"
"Resource","azurerm_storage_share","Microsoft.Storage","2025-08-01","GeneratedAPISection","website/docs/r/storage_share.html.markdown"
"Resource","azurerm_storage_share_directory","","","Unmapped","website/docs/r/storage_share_directory.html.markdown"
"Resource","azurerm_storage_share_file","","","Unmapped","website/docs/r/storage_share_file.html.markdown"
"Resource","azurerm_storage_sync","Microsoft.StorageSync","2020-03-01","GeneratedAPISection","website/docs/r/storage_sync.html.markdown"
"Resource","azurerm_storage_sync_cloud_endpoint","Microsoft.StorageSync","2020-03-01","GeneratedAPISection","website/docs/r/storage_sync_cloud_endpoint.html.markdown"
"Resource","azurerm_storage_sync_group","Microsoft.StorageSync","2020-03-01","GeneratedAPISection","website/docs/r/storage_sync_group.html.markdown"
"Resource","azurerm_storage_sync_server_endpoint","Microsoft.StorageSync","2020-03-01","GeneratedAPISection","website/docs/r/storage_sync_server_endpoint.html.markdown"
"Resource","azurerm_storage_table","Microsoft.Storage","","ARMImportID","website/docs/r/storage_table.html.markdown"
"Resource","azurerm_storage_table_entity","","","Unmapped","website/docs/r/storage_table_entity.html.markdown"
"Resource","azurerm_stream_analytics_cluster","Microsoft.StreamAnalytics","2020-03-01","GeneratedAPISection","website/docs/r/stream_analytics_cluster.html.markdown"
"Resource","azurerm_stream_analytics_function_javascript_uda","Microsoft.StreamAnalytics","2020-03-01","GeneratedAPISection","website/docs/r/stream_analytics_function_javascript_uda.html.markdown"
"Resource","azurerm_stream_analytics_function_javascript_udf","Microsoft.StreamAnalytics","2020-03-01","GeneratedAPISection","website/docs/r/stream_analytics_function_javascript_udf.html.markdown"
"Resource","azurerm_stream_analytics_job","Microsoft.StreamAnalytics","2021-10-01-preview, 2020-03-01","GeneratedAPISection","website/docs/r/stream_analytics_job.html.markdown"
"Resource","azurerm_stream_analytics_job_schedule","Microsoft.StreamAnalytics","2021-10-01-preview","GeneratedAPISection","website/docs/r/stream_analytics_job_schedule.html.markdown"
"Resource","azurerm_stream_analytics_job_storage_account","Microsoft.StreamAnalytics","2021-10-01-preview","GeneratedAPISection","website/docs/r/stream_analytics_job_storage_account.html.markdown"
"Resource","azurerm_stream_analytics_managed_private_endpoint","Microsoft.StreamAnalytics","2020-03-01","GeneratedAPISection","website/docs/r/stream_analytics_managed_private_endpoint.html.markdown"
"Resource","azurerm_stream_analytics_output_blob","Microsoft.StreamAnalytics","2021-10-01-preview","GeneratedAPISection","website/docs/r/stream_analytics_output_blob.html.markdown"
"Resource","azurerm_stream_analytics_output_cosmosdb","Microsoft.StreamAnalytics","2021-10-01-preview","GeneratedAPISection","website/docs/r/stream_analytics_output_cosmosdb.html.markdown"
"Resource","azurerm_stream_analytics_output_eventhub","Microsoft.StreamAnalytics","2021-10-01-preview","GeneratedAPISection","website/docs/r/stream_analytics_output_eventhub.html.markdown"
"Resource","azurerm_stream_analytics_output_function","Microsoft.StreamAnalytics","2021-10-01-preview","GeneratedAPISection","website/docs/r/stream_analytics_output_function.html.markdown"
"Resource","azurerm_stream_analytics_output_mssql","Microsoft.StreamAnalytics","2021-10-01-preview","GeneratedAPISection","website/docs/r/stream_analytics_output_mssql.html.markdown"
"Resource","azurerm_stream_analytics_output_powerbi","Microsoft.StreamAnalytics","2021-10-01-preview","GeneratedAPISection","website/docs/r/stream_analytics_output_powerbi.html.markdown"
"Resource","azurerm_stream_analytics_output_servicebus_queue","Microsoft.StreamAnalytics","2021-10-01-preview","GeneratedAPISection","website/docs/r/stream_analytics_output_servicebus_queue.html.markdown"
"Resource","azurerm_stream_analytics_output_servicebus_topic","Microsoft.StreamAnalytics","2021-10-01-preview","GeneratedAPISection","website/docs/r/stream_analytics_output_servicebus_topic.html.markdown"
"Resource","azurerm_stream_analytics_output_synapse","Microsoft.StreamAnalytics","2021-10-01-preview","GeneratedAPISection","website/docs/r/stream_analytics_output_synapse.html.markdown"
"Resource","azurerm_stream_analytics_output_table","Microsoft.StreamAnalytics","2021-10-01-preview","GeneratedAPISection","website/docs/r/stream_analytics_output_table.html.markdown"
"Resource","azurerm_stream_analytics_reference_input_blob","Microsoft.StreamAnalytics","2020-03-01","GeneratedAPISection","website/docs/r/stream_analytics_reference_input_blob.html.markdown"
"Resource","azurerm_stream_analytics_reference_input_mssql","Microsoft.StreamAnalytics","2020-03-01","GeneratedAPISection","website/docs/r/stream_analytics_reference_input_mssql.html.markdown"
"Resource","azurerm_stream_analytics_stream_input_blob","Microsoft.StreamAnalytics","2020-03-01","GeneratedAPISection","website/docs/r/stream_analytics_stream_input_blob.html.markdown"
"Resource","azurerm_stream_analytics_stream_input_eventhub","Microsoft.StreamAnalytics","2020-03-01","GeneratedAPISection","website/docs/r/stream_analytics_stream_input_eventhub.html.markdown"
"Resource","azurerm_stream_analytics_stream_input_eventhub_v2","Microsoft.StreamAnalytics","2020-03-01","GeneratedAPISection","website/docs/r/stream_analytics_stream_input_eventhub_v2.html.markdown"
"Resource","azurerm_stream_analytics_stream_input_iothub","Microsoft.StreamAnalytics","2020-03-01","GeneratedAPISection","website/docs/r/stream_analytics_stream_input_iothub.html.markdown"
"Resource","azurerm_subnet","Microsoft.Network","2025-01-01","GeneratedAPISection","website/docs/r/subnet.html.markdown"
"Resource","azurerm_subnet_nat_gateway_association","Microsoft.Network","2025-01-01","GeneratedAPISection","website/docs/r/subnet_nat_gateway_association.html.markdown"
"Resource","azurerm_subnet_network_security_group_association","Microsoft.Network","2025-01-01","GeneratedAPISection","website/docs/r/subnet_network_security_group_association.html.markdown"
"Resource","azurerm_subnet_route_table_association","Microsoft.Network","2025-01-01","GeneratedAPISection","website/docs/r/subnet_route_table_association.html.markdown"
"Resource","azurerm_subnet_service_endpoint_storage_policy","Microsoft.Network","2025-01-01","GeneratedAPISection","website/docs/r/subnet_service_endpoint_storage_policy.html.markdown"
"Resource","azurerm_subscription","Microsoft.Resources","2023-07-01","GeneratedAPISection","website/docs/r/subscription.html.markdown"
"Resource","azurerm_subscription_cost_management_export","Microsoft.CostManagement","2023-08-01","GeneratedAPISection","website/docs/r/subscription_cost_management_export.html.markdown"
"Resource","azurerm_subscription_cost_management_view","Microsoft.CostManagement","2023-08-01","GeneratedAPISection","website/docs/r/subscription_cost_management_view.html.markdown"
"Resource","azurerm_subscription_policy_assignment","Microsoft.Authorization","2022-06-01","GeneratedAPISection","website/docs/r/subscription_policy_assignment.html.markdown"
"Resource","azurerm_subscription_policy_exemption","Microsoft.Authorization","","ARMImportID","website/docs/r/subscription_policy_exemption.html.markdown"
"Resource","azurerm_subscription_policy_remediation","Microsoft.PolicyInsights","2021-10-01","GeneratedAPISection","website/docs/r/subscription_policy_remediation.html.markdown"
"Resource","azurerm_subscription_template_deployment","Microsoft.Resources","","ARMImportID","website/docs/r/subscription_template_deployment.html.markdown"
"Resource","azurerm_synapse_firewall_rule","Microsoft.Synapse","","ARMImportID","website/docs/r/synapse_firewall_rule.html.markdown"
"Resource","azurerm_synapse_integration_runtime_azure","Microsoft.Synapse","","ARMImportID","website/docs/r/synapse_integration_runtime_azure.html.markdown"
"Resource","azurerm_synapse_integration_runtime_self_hosted","Microsoft.Synapse","","ARMImportID","website/docs/r/synapse_integration_runtime_self_hosted.html.markdown"
"Resource","azurerm_synapse_linked_service","Microsoft.Synapse","","ARMImportID","website/docs/r/synapse_linked_service.html.markdown"
"Resource","azurerm_synapse_managed_private_endpoint","Microsoft.Synapse","2021-06-01","GeneratedAPISection","website/docs/r/synapse_managed_private_endpoint.html.markdown"
"Resource","azurerm_synapse_private_link_hub","Microsoft.Synapse","","ARMImportID","website/docs/r/synapse_private_link_hub.html.markdown"
"Resource","azurerm_synapse_role_assignment","Microsoft.Synapse","","ARMImportID","website/docs/r/synapse_role_assignment.html.markdown"
"Resource","azurerm_synapse_spark_pool","Microsoft.Synapse","2021-06-01","GeneratedAPISection","website/docs/r/synapse_spark_pool.html.markdown"
"Resource","azurerm_synapse_sql_pool","Microsoft.Synapse","","ARMImportID","website/docs/r/synapse_sql_pool.html.markdown"
"Resource","azurerm_synapse_sql_pool_extended_auditing_policy","Microsoft.Synapse","","ARMImportID","website/docs/r/synapse_sql_pool_extended_auditing_policy.html.markdown"
"Resource","azurerm_synapse_sql_pool_security_alert_policy","Microsoft.Synapse","","ARMImportID","website/docs/r/synapse_sql_pool_security_alert_policy.html.markdown"
"Resource","azurerm_synapse_sql_pool_vulnerability_assessment","Microsoft.Synapse","","ARMImportID","website/docs/r/synapse_sql_pool_vulnerability_assessment.html.markdown"
"Resource","azurerm_synapse_sql_pool_vulnerability_assessment_baseline","Microsoft.Synapse","","ARMImportID","website/docs/r/synapse_sql_pool_vulnerability_assessment_baseline.html.markdown"
"Resource","azurerm_synapse_sql_pool_workload_classifier","Microsoft.Synapse","","ARMImportID","website/docs/r/synapse_sql_pool_workload_classifier.html.markdown"
"Resource","azurerm_synapse_sql_pool_workload_group","Microsoft.Synapse","","ARMImportID","website/docs/r/synapse_sql_pool_workload_group.html.markdown"
"Resource","azurerm_synapse_workspace","Microsoft.Synapse","","ARMImportID","website/docs/r/synapse_workspace.html.markdown"
"Resource","azurerm_synapse_workspace_aad_admin","Microsoft.Synapse","","ARMImportID","website/docs/r/synapse_workspace_aad_admin.html.markdown"
"Resource","azurerm_synapse_workspace_extended_auditing_policy","Microsoft.Synapse","","ARMImportID","website/docs/r/synapse_workspace_extended_auditing_policy.html.markdown"
"Resource","azurerm_synapse_workspace_key","Microsoft.Synapse","","ARMImportID","website/docs/r/synapse_workspace_key.html.markdown"
"Resource","azurerm_synapse_workspace_security_alert_policy","Microsoft.Synapse","","ARMImportID","website/docs/r/synapse_workspace_security_alert_policy.html.markdown"
"Resource","azurerm_synapse_workspace_sql_aad_admin","Microsoft.Synapse","","ARMImportID","website/docs/r/synapse_workspace_sql_aad_admin.html.markdown"
"Resource","azurerm_synapse_workspace_vulnerability_assessment","Microsoft.Synapse","","ARMImportID","website/docs/r/synapse_workspace_vulnerability_assessment.html.markdown"
"Resource","azurerm_system_center_virtual_machine_manager_availability_set","Microsoft.ScVmm","2023-10-07","GeneratedAPISection","website/docs/r/system_center_virtual_machine_manager_availability_set.html.markdown"
"Resource","azurerm_system_center_virtual_machine_manager_cloud","Microsoft.ScVmm","2023-10-07","GeneratedAPISection","website/docs/r/system_center_virtual_machine_manager_cloud.html.markdown"
"Resource","azurerm_system_center_virtual_machine_manager_server","Microsoft.ScVmm","2023-10-07","GeneratedAPISection","website/docs/r/system_center_virtual_machine_manager_server.html.markdown"
"Resource","azurerm_system_center_virtual_machine_manager_virtual_machine_instance","Microsoft.ScVmm","2023-10-07","GeneratedAPISection","website/docs/r/system_center_virtual_machine_manager_virtual_machine_instance.html.markdown"
"Resource","azurerm_system_center_virtual_machine_manager_virtual_machine_instance_guest_agent","Microsoft.ScVmm","2023-10-07","GeneratedAPISection","website/docs/r/system_center_virtual_machine_manager_virtual_machine_instance_guest_agent.html.markdown"
"Resource","azurerm_system_center_virtual_machine_manager_virtual_machine_template","Microsoft.ScVmm","2023-10-07","GeneratedAPISection","website/docs/r/system_center_virtual_machine_manager_virtual_machine_template.html.markdown"
"Resource","azurerm_system_center_virtual_machine_manager_virtual_network","Microsoft.ScVmm","2023-10-07","GeneratedAPISection","website/docs/r/system_center_virtual_machine_manager_virtual_network.html.markdown"
"Resource","azurerm_tenant_template_deployment","","","Unmapped","website/docs/r/tenant_template_deployment.html.markdown"
"Resource","azurerm_traffic_manager_azure_endpoint","Microsoft.Network","2022-04-01","GeneratedAPISection","website/docs/r/traffic_manager_azure_endpoint.html.markdown"
"Resource","azurerm_traffic_manager_external_endpoint","Microsoft.Network","2022-04-01","GeneratedAPISection","website/docs/r/traffic_manager_external_endpoint.html.markdown"
"Resource","azurerm_traffic_manager_nested_endpoint","Microsoft.Network","2022-04-01","GeneratedAPISection","website/docs/r/traffic_manager_nested_endpoint.html.markdown"
"Resource","azurerm_traffic_manager_profile","Microsoft.Network","2022-04-01","GeneratedAPISection","website/docs/r/traffic_manager_profile.html.markdown"
"Resource","azurerm_trusted_signing_account","Microsoft.CodeSigning","2025-10-13","GeneratedAPISection","website/docs/r/trusted_signing_account.html.markdown"
"Resource","azurerm_user_assigned_identity","Microsoft.ManagedIdentity","2024-11-30","GeneratedAPISection","website/docs/r/user_assigned_identity.html.markdown"
"Resource","azurerm_video_indexer_account","Microsoft.VideoIndexer","2025-04-01","GeneratedAPISection","website/docs/r/video_indexer_account.html.markdown"
"Resource","azurerm_virtual_desktop_application","Microsoft.DesktopVirtualization","2025-10-10","GeneratedAPISection","website/docs/r/virtual_desktop_application.html.markdown"
"Resource","azurerm_virtual_desktop_application_group","Microsoft.DesktopVirtualization","2025-10-10","GeneratedAPISection","website/docs/r/virtual_desktop_application_group.html.markdown"
"Resource","azurerm_virtual_desktop_host_pool","Microsoft.DesktopVirtualization","2025-10-10","GeneratedAPISection","website/docs/r/virtual_desktop_host_pool.html.markdown"
"Resource","azurerm_virtual_desktop_host_pool_registration_info","Microsoft.DesktopVirtualization","2025-10-10","GeneratedAPISection","website/docs/r/virtual_desktop_host_pool_registration_info.html.markdown"
"Resource","azurerm_virtual_desktop_scaling_plan","Microsoft.DesktopVirtualization","2025-10-10","GeneratedAPISection","website/docs/r/virtual_desktop_scaling_plan.html.markdown"
"Resource","azurerm_virtual_desktop_scaling_plan_host_pool_association","Microsoft.DesktopVirtualization","2025-10-10","GeneratedAPISection","website/docs/r/virtual_desktop_scaling_plan_host_pool_association.html.markdown"
"Resource","azurerm_virtual_desktop_workspace","Microsoft.DesktopVirtualization","2025-10-10","GeneratedAPISection","website/docs/r/virtual_desktop_workspace.html.markdown"
"Resource","azurerm_virtual_desktop_workspace_application_group_association","Microsoft.DesktopVirtualization","2025-10-10","GeneratedAPISection","website/docs/r/virtual_desktop_workspace_application_group_association.html.markdown"
"Resource","azurerm_virtual_hub","Microsoft.Network","2025-01-01","GeneratedAPISection","website/docs/r/virtual_hub.html.markdown"
"Resource","azurerm_virtual_hub_bgp_connection","Microsoft.Network","2025-01-01","GeneratedAPISection","website/docs/r/virtual_hub_bgp_connection.html.markdown"
"Resource","azurerm_virtual_hub_connection","Microsoft.Network","2025-01-01","GeneratedAPISection","website/docs/r/virtual_hub_connection.html.markdown"
"Resource","azurerm_virtual_hub_ip","Microsoft.Network","2025-01-01","GeneratedAPISection","website/docs/r/virtual_hub_ip.html.markdown"
"Resource","azurerm_virtual_hub_route_table","Microsoft.Network","2025-01-01","GeneratedAPISection","website/docs/r/virtual_hub_route_table.html.markdown"
"Resource","azurerm_virtual_hub_route_table_route","Microsoft.Network","2025-01-01","GeneratedAPISection","website/docs/r/virtual_hub_route_table_route.html.markdown"
"Resource","azurerm_virtual_hub_routing_intent","Microsoft.Network","2025-01-01","GeneratedAPISection","website/docs/r/virtual_hub_routing_intent.html.markdown"
"Resource","azurerm_virtual_hub_security_partner_provider","Microsoft.Network","2025-01-01","GeneratedAPISection","website/docs/r/virtual_hub_security_partner_provider.html.markdown"
"Resource","azurerm_virtual_machine","Microsoft.Compute","2024-03-01, 2023-04-02","GeneratedAPISection","website/docs/r/virtual_machine.html.markdown"
"Resource","azurerm_virtual_machine","Microsoft.Network","2025-01-01","GeneratedAPISection","website/docs/r/virtual_machine.html.markdown"
"Resource","azurerm_virtual_machine_automanage_configuration_assignment","Microsoft.Compute","2022-05-04","GeneratedAPISection","website/docs/r/virtual_machine_automanage_configuration_assignment.html.markdown"
"Resource","azurerm_virtual_machine_data_disk_attachment","Microsoft.Compute","2024-03-01, 2023-04-02","GeneratedAPISection","website/docs/r/virtual_machine_data_disk_attachment.html.markdown"
"Resource","azurerm_virtual_machine_extension","Microsoft.Compute","2024-03-01","GeneratedAPISection","website/docs/r/virtual_machine_extension.html.markdown"
"Resource","azurerm_virtual_machine_gallery_application_assignment","Microsoft.Compute","2024-03-01","GeneratedAPISection","website/docs/r/virtual_machine_gallery_application_assignment.html.markdown"
"Resource","azurerm_virtual_machine_implicit_data_disk_from_source","Microsoft.Compute","2024-03-01, 2023-04-02","GeneratedAPISection","website/docs/r/virtual_machine_implicit_data_disk_from_source.html.markdown"
"Resource","azurerm_virtual_machine_packet_capture","Microsoft.Network","2025-01-01","GeneratedAPISection","website/docs/r/virtual_machine_packet_capture.html.markdown"
"Resource","azurerm_virtual_machine_restore_point","Microsoft.Compute","2024-03-01","GeneratedAPISection","website/docs/r/virtual_machine_restore_point.html.markdown"
"Resource","azurerm_virtual_machine_restore_point_collection","Microsoft.Compute","2024-03-01","GeneratedAPISection","website/docs/r/virtual_machine_restore_point_collection.html.markdown"
"Resource","azurerm_virtual_machine_run_command","Microsoft.Compute","2023-03-01","GeneratedAPISection","website/docs/r/virtual_machine_run_command.html.markdown"
"Resource","azurerm_virtual_machine_scale_set","Microsoft.Compute","2025-04-01","GeneratedAPISection","website/docs/r/virtual_machine_scale_set.html.markdown"
"Resource","azurerm_virtual_machine_scale_set_extension","Microsoft.Compute","2025-04-01","GeneratedAPISection","website/docs/r/virtual_machine_scale_set_extension.html.markdown"
"Resource","azurerm_virtual_machine_scale_set_packet_capture","Microsoft.Network","2025-01-01","GeneratedAPISection","website/docs/r/virtual_machine_scale_set_packet_capture.html.markdown"
"Resource","azurerm_virtual_machine_scale_set_standby_pool","Microsoft.StandbyPool","2025-03-01","GeneratedAPISection","website/docs/r/virtual_machine_scale_set_standby_pool.html.markdown"
"Resource","azurerm_virtual_network","Microsoft.Network","2025-01-01","GeneratedAPISection","website/docs/r/virtual_network.html.markdown"
"Resource","azurerm_virtual_network_dns_servers","Microsoft.Network","2025-01-01","GeneratedAPISection","website/docs/r/virtual_network_dns_servers.html.markdown"
"Resource","azurerm_virtual_network_gateway","Microsoft.Network","2025-01-01","GeneratedAPISection","website/docs/r/virtual_network_gateway.html.markdown"
"Resource","azurerm_virtual_network_gateway_connection","Microsoft.Network","2025-01-01","GeneratedAPISection","website/docs/r/virtual_network_gateway_connection.html.markdown"
"Resource","azurerm_virtual_network_gateway_nat_rule","Microsoft.Network","2025-01-01","GeneratedAPISection","website/docs/r/virtual_network_gateway_nat_rule.html.markdown"
"Resource","azurerm_virtual_network_peering","Microsoft.Network","2025-01-01","GeneratedAPISection","website/docs/r/virtual_network_peering.html.markdown"
"Resource","azurerm_virtual_wan","Microsoft.Network","2025-01-01","GeneratedAPISection","website/docs/r/virtual_wan.html.markdown"
"Resource","azurerm_vmware_cluster","Microsoft.AVS","2022-05-01","GeneratedAPISection","website/docs/r/vmware_cluster.html.markdown"
"Resource","azurerm_vmware_express_route_authorization","Microsoft.AVS","2022-05-01","GeneratedAPISection","website/docs/r/vmware_express_route_authorization.html.markdown"
"Resource","azurerm_vmware_netapp_volume_attachment","Microsoft.AVS","2022-05-01","GeneratedAPISection","website/docs/r/vmware_netapp_volume_attachment.html.markdown"
"Resource","azurerm_vmware_private_cloud","Microsoft.AVS","2022-05-01","GeneratedAPISection","website/docs/r/vmware_private_cloud.html.markdown"
"Resource","azurerm_vpn_gateway","Microsoft.Network","2025-01-01","GeneratedAPISection","website/docs/r/vpn_gateway.html.markdown"
"Resource","azurerm_vpn_gateway_connection","Microsoft.Network","2025-01-01","GeneratedAPISection","website/docs/r/vpn_gateway_connection.html.markdown"
"Resource","azurerm_vpn_gateway_nat_rule","Microsoft.Network","2025-01-01","GeneratedAPISection","website/docs/r/vpn_gateway_nat_rule.html.markdown"
"Resource","azurerm_vpn_server_configuration","Microsoft.Network","2025-01-01","GeneratedAPISection","website/docs/r/vpn_server_configuration.html.markdown"
"Resource","azurerm_vpn_server_configuration_policy_group","Microsoft.Network","2025-01-01","GeneratedAPISection","website/docs/r/vpn_server_configuration_policy_group.html.markdown"
"Resource","azurerm_vpn_site","Microsoft.Network","2025-01-01","GeneratedAPISection","website/docs/r/vpn_site.html.markdown"
"Resource","azurerm_web_app_active_slot","Microsoft.Web","2023-12-01","GeneratedAPISection","website/docs/r/web_app_active_slot.html.markdown"
"Resource","azurerm_web_app_hybrid_connection","Microsoft.Relay","2021-11-01","GeneratedAPISection","website/docs/r/web_app_hybrid_connection.html.markdown"
"Resource","azurerm_web_app_hybrid_connection","Microsoft.Web","2023-12-01","GeneratedAPISection","website/docs/r/web_app_hybrid_connection.html.markdown"
"Resource","azurerm_web_application_firewall_policy","Microsoft.Network","2025-01-01","GeneratedAPISection","website/docs/r/web_application_firewall_policy.html.markdown"
"Resource","azurerm_web_pubsub","Microsoft.SignalRService","2024-03-01","GeneratedAPISection","website/docs/r/web_pubsub.html.markdown"
"Resource","azurerm_web_pubsub_custom_certificate","Microsoft.SignalRService","2024-03-01","GeneratedAPISection","website/docs/r/web_pubsub_custom_certificate.html.markdown"
"Resource","azurerm_web_pubsub_custom_domain","Microsoft.SignalRService","2024-03-01","GeneratedAPISection","website/docs/r/web_pubsub_custom_domain.html.markdown"
"Resource","azurerm_web_pubsub_hub","Microsoft.SignalRService","2024-03-01","GeneratedAPISection","website/docs/r/web_pubsub_hub.html.markdown"
"Resource","azurerm_web_pubsub_network_acl","Microsoft.SignalRService","2024-03-01","GeneratedAPISection","website/docs/r/web_pubsub_network_acl.html.markdown"
"Resource","azurerm_web_pubsub_shared_private_link_resource","Microsoft.SignalRService","2024-03-01","GeneratedAPISection","website/docs/r/web_pubsub_shared_private_link_resource.html.markdown"
"Resource","azurerm_web_pubsub_socketio","Microsoft.SignalRService","2024-03-01","GeneratedAPISection","website/docs/r/web_pubsub_socketio.html.markdown"
"Resource","azurerm_windows_function_app","Microsoft.Web","2023-12-01, 2023-01-01","GeneratedAPISection","website/docs/r/windows_function_app.html.markdown"
"Resource","azurerm_windows_function_app_slot","Microsoft.Web","2023-12-01, 2023-01-01","GeneratedAPISection","website/docs/r/windows_function_app_slot.html.markdown"
"Resource","azurerm_windows_virtual_machine","Microsoft.Compute","2024-03-01, 2023-04-02","GeneratedAPISection","website/docs/r/windows_virtual_machine.html.markdown"
"Resource","azurerm_windows_virtual_machine_scale_set","Microsoft.Compute","2025-04-01","GeneratedAPISection","website/docs/r/windows_virtual_machine_scale_set.html.markdown"
"Resource","azurerm_windows_web_app","Microsoft.Web","2023-12-01, 2023-01-01","GeneratedAPISection","website/docs/r/windows_web_app.html.markdown"
"Resource","azurerm_windows_web_app_slot","Microsoft.Web","2023-12-01","GeneratedAPISection","website/docs/r/windows_web_app_slot.html.markdown"
"Resource","azurerm_workloads_sap_discovery_virtual_instance","Microsoft.Workloads","2024-09-01","GeneratedAPISection","website/docs/r/workloads_sap_discovery_virtual_instance.html.markdown"
"Resource","azurerm_workloads_sap_single_node_virtual_instance","Microsoft.Workloads","2024-09-01","GeneratedAPISection","website/docs/r/workloads_sap_single_node_virtual_instance.html.markdown"
"Resource","azurerm_workloads_sap_three_tier_virtual_instance","Microsoft.Workloads","2024-09-01","GeneratedAPISection","website/docs/r/workloads_sap_three_tier_virtual_instance.html.markdown"
